Name:;Daten Ger. INSTR 07.09.2020 13:13:26
Verantwortlich:;sat
Kommentare:;
Datum der Datenerfassung:;07.09.2020 13:13:26
Messgerät:;34970A;Adresse:;ASRL3::INSTR;Module:;3;Steckplatz1:;34901A;Steckplatz2:;34901A;Steckplatz3:;34901A
Kanäle gesamt:;31
Kanal;Name;Funktion;Bereich;Auflösung;ErwEinstellungen;Skalieren;Verstärkung;Offset;Bezeichnung;Test;Niedrig;Hoch;Hardware-Alarm
101;T_WÜT_sek_ein;Temp. (Typ K);Keine;C;Temp (Type K)#1#0,016#Auto#0,001#C#Internal#0#false;False;1;0;C;Aus;0;1;Alarm 1
102;T_WÜT_prim_aus;Temp. (Typ K);Keine;C;Temp (Type K)#1#0,016#Auto#0,001#C#Internal#0#false;False;1;0;C;Aus;0;1;Alarm 1
103;T_WÜT_sek_aus;Temp. (Typ K);Keine;C;Temp (Type K)#1#0,016#Auto#0,001#C#Internal#0#false;False;1;0;C;Aus;0;1;Alarm 1
104;T_WÜT_prim_ein;Temp. (Typ K);Keine;C;Temp (Type K)#1#0,016#Auto#0,001#C#Internal#0#false;False;1;0;C;Aus;0;1;Alarm 1
106;T_Steigrohr_aus;Temp. (Typ K);Keine;C;Temp (Type K)#1#0,016#Auto#0,001#C#Internal#0#false;False;1;0;C;Aus;0;1;Alarm 1
107;T_WÜT_Speicher_ein;Temp. (Typ K);Keine;C;Temp (Type K)#1#0,016#Auto#0,001#C#Internal#0#false;False;1;0;C;Aus;0;1;Alarm 1
108;T_WÜT_Speicher_aus;Temp. (Typ K);Keine;C;Temp (Type K)#1#0,016#Auto#0,001#C#Internal#0#false;False;1;0;C;Aus;0;1;Alarm 1
110;T_Heizer_ein;Temp. (Typ K);Keine;C;Temp (Type K)#1#0,016#Auto#0,001#C#Internal#0#false;False;1;0;C;Aus;0;1;Alarm 1
112;T_Heizer_aus;Temp. (Typ K);Keine;C;Temp (Type K)#1#0,016#Auto#0,001#C#Internal#0#false;False;1;0;C;Aus;0;1;Alarm 1
121;MID_blau;Gleichstrom;Auto;5,5;DC Current#1#0,016#Auto#0,001;True;30;0;;Aus;0;1;Alarm 1
122;MID orange;Gleichstrom;Auto;5,5;DC Current#1#0,016#Auto#0,001;True;-5;0;;Aus;0;1;Alarm 1
201;T_Lanze_6cm;Temp. (Typ K);Keine;C;Temp (Type K)#1#0,016#Auto#0,001#C#Internal#0#false;False;1;0;C;Aus;0;1;Alarm 1
202;T_Lanze_12cm;Temp. (Typ K);Keine;C;Temp (Type K)#1#0,016#Auto#0,001#C#Internal#0#false;False;1;0;C;Aus;0;1;Alarm 1
203;T_Lanze_18cm;Temp. (Typ K);Keine;C;Temp (Type K)#1#0,016#Auto#0,001#C#Internal#0#false;False;1;0;C;Aus;0;1;Alarm 1
204;T_Lanze_24cm;Temp. (Typ K);Keine;C;Temp (Type K)#1#0,016#Auto#0,001#C#Internal#0#false;False;1;0;C;Aus;0;1;Alarm 1
205;T_Lanze_30cm;Temp. (Typ K);Keine;C;Temp (Type K)#1#0,016#Auto#0,001#C#Internal#0#false;False;1;0;C;Aus;0;1;Alarm 1
206;T_Lanze_36cm;Temp. (Typ K);Keine;C;Temp (Type K)#1#0,016#Auto#0,001#C#Internal#0#false;False;1;0;C;Aus;0;1;Alarm 1
207;T_Lanze_42cm;Temp. (Typ K);Keine;C;Temp (Type K)#1#0,016#Auto#0,001#C#Internal#0#false;False;1;0;C;Aus;0;1;Alarm 1
208;T_Lanze_48cm;Temp. (Typ K);Keine;C;Temp (Type K)#1#0,016#Auto#0,001#C#Internal#0#false;False;1;0;C;Aus;0;1;Alarm 1
209;T_Lanze_54cm;Temp. (Typ K);Keine;C;Temp (Type K)#1#0,016#Auto#0,001#C#Internal#0#false;False;1;0;C;Aus;0;1;Alarm 1
210;T_Lanze_60cm;Temp. (Typ K);Keine;C;Temp (Type K)#1#0,016#Auto#0,001#C#Internal#0#false;False;1;0;C;Aus;0;1;Alarm 1
211;T_Lanze_66cm;Temp. (Typ K);Keine;C;Temp (Type K)#1#0,016#Auto#0,001#C#Internal#0#false;False;1;0;C;Aus;0;1;Alarm 1
212;T_Lanze_72cm;Temp. (Typ K);Keine;C;Temp (Type K)#1#0,016#Auto#0,001#C#Internal#0#false;False;1;0;C;Aus;0;1;Alarm 1
213;T_Lanze_78cm;Temp. (Typ K);Keine;C;Temp (Type K)#1#0,016#Auto#0,001#C#Internal#0#false;False;1;0;C;Aus;0;1;Alarm 1
214;T_Lanze_84cm;Temp. (Typ K);Keine;C;Temp (Type K)#1#0,016#Auto#0,001#C#Internal#0#false;False;1;0;C;Aus;0;1;Alarm 1
215;T_Lanze_90cm;Temp. (Typ K);Keine;C;Temp (Type K)#1#0,016#Auto#0,001#C#Internal#0#false;False;1;0;C;Aus;0;1;Alarm 1
216;T_Lanze_96cm;Temp. (Typ K);Keine;C;Temp (Type K)#1#0,016#Auto#0,001#C#Internal#0#false;False;1;0;C;Aus;0;1;Alarm 1
217;T_Lanze_102cm;Temp. (Typ K);Keine;C;Temp (Type K)#1#0,016#Auto#0,001#C#Internal#0#false;False;1;0;C;Aus;0;1;Alarm 1
218;T_Lanze_108cm;Temp. (Typ K);Keine;C;Temp (Type K)#1#0,016#Auto#0,001#C#Internal#0#false;False;1;0;C;Aus;0;1;Alarm 1
219;T_Lanze_114cm;Temp. (Typ K);Keine;C;Temp (Type K)#1#0,016#Auto#0,001#C#Internal#0#false;False;1;0;C;Aus;0;1;Alarm 1
220;T_Lanze_120cm;Temp. (Typ K);Keine;C;Temp (Type K)#1#0,016#Auto#0,001#C#Internal#0#false;False;1;0;C;Aus;0;1;Alarm 1
Scan-Steuerung:;Aktion starten:;Sofort;Aktion stoppen::;Von Benutzer beendet
Scan;Zeit;101 <T_WÜT_sek_ein> (C);Alarm 101;102 <T_WÜT_prim_aus> (C);Alarm 102;103 <T_WÜT_sek_aus> (C);Alarm 103;104 <T_WÜT_prim_ein> (C);Alarm 104;106 <T_Steigrohr_aus> (C);Alarm 106;107 <T_WÜT_Speicher_ein> (C);Alarm 107;108 <T_WÜT_Speicher_aus> (C);Alarm 108;110 <T_Heizer_ein> (C);Alarm 110;112 <T_Heizer_aus> (C);Alarm 112;121 <MID_blau>;Alarm 121;122 <MID orange>;Alarm 122;201 <T_Lanze_6cm> (C);Alarm 201;202 <T_Lanze_12cm> (C);Alarm 202;203 <T_Lanze_18cm> (C);Alarm 203;204 <T_Lanze_24cm> (C);Alarm 204;205 <T_Lanze_30cm> (C);Alarm 205;206 <T_Lanze_36cm> (C);Alarm 206;207 <T_Lanze_42cm> (C);Alarm 207;208 <T_Lanze_48cm> (C);Alarm 208;209 <T_Lanze_54cm> (C);Alarm 209;210 <T_Lanze_60cm> (C);Alarm 210;211 <T_Lanze_66cm> (C);Alarm 211;212 <T_Lanze_72cm> (C);Alarm 212;213 <T_Lanze_78cm> (C);Alarm 213;214 <T_Lanze_84cm> (C);Alarm 214;215 <T_Lanze_90cm> (C);Alarm 215;216 <T_Lanze_96cm> (C);Alarm 216;217 <T_Lanze_102cm> (C);Alarm 217;218 <T_Lanze_108cm> (C);Alarm 218;219 <T_Lanze_114cm> (C);Alarm 219;220 <T_Lanze_120cm> (C);Alarm 220
1;07.09.2020 13:13:26;50,732;0;53,672;0;43,318;0;46,239;0;30,21;0;25,812;0;24,214;0;37,786;0;25,665;0;0,021287658;0;0,09268561;0;24,416;0;24,61;0;24,612;0;24,658;0;24,719;0;24,753;0;24,663;0;24,834;0;25,423;0;26,206;0;28,795;0;31,418;0;32,575;0;32,688;0;32,679;0;32,556;0;32,548;0;32,551;0;32,462;0;26,99;0
2;07.09.2020 13:13:31;50,802;0;53,667;0;43,328;0;46,224;0;30,172;0;25,863;0;24,26;0;37,882;0;25,986;0;0,020764596;0;0,092751345;0;24,421;0;24,619;0;24,624;0;24,698;0;24,719;0;24,748;0;24,654;0;24,859;0;25,439;0;26,237;0;28,791;0;31,405;0;32,552;0;32,664;0;32,689;0;32,547;0;32,539;0;32,534;0;32,447;0;27,07;0
3;07.09.2020 13:13:36;50,812;0;53,657;0;43,278;0;46,178;0;30,159;0;26,115;0;24,342;0;38,01;0;33,38;0;0,021118773;0;0,092902035;0;24,442;0;24,65;0;24,62;0;24,674;0;24,746;0;24,748;0;24,672;0;24,836;0;25,45;0;26,223;0;28,839;0;31,403;0;32,548;0;32,656;0;32,657;0;32,567;0;32,531;0;32,524;0;32,417;0;27,134;0
4;07.09.2020 13:13:41;50,829;0;53,619;0;43,296;0;46,151;0;30,156;0;26,373;0;24,395;0;38,209;0;40,078;0;0,020504583;0;0,093028445;0;24,424;0;24,634;0;24,624;0;24,667;0;24,714;0;24,758;0;24,684;0;24,854;0;25,437;0;26,266;0;28,898;0;31,435;0;32,537;0;32,654;0;32,674;0;32,549;0;32,521;0;32,521;0;32,322;0;27,131;0
5;07.09.2020 13:13:46;50,804;0;53,637;0;43,258;0;46,138;0;30,111;0;26,696;0;24,477;0;38,431;0;48,734;0;0,020294994;0;0,09299406;0;24,403;0;24,605;0;24,606;0;24,674;0;24,716;0;24,742;0;24,668;0;24,837;0;25,465;0;26,25;0;28,893;0;31,452;0;32,459;0;32,668;0;32,669;0;32,569;0;32,551;0;32,538;0;32,309;0;27,441;0
6;07.09.2020 13:13:51;50,772;0;53,597;0;43,245;0;46,108;0;30,088;0;26,796;0;24,558;0;38,519;0;55,044;0;0,019889787;0;0,092913155;0;24,426;0;24,615;0;24,62;0;24,663;0;24,726;0;24,755;0;24,665;0;24,842;0;25,466;0;26,269;0;28,856;0;31,458;0;32,43;0;32,63;0;32,659;0;32,535;0;32,533;0;32,538;0;32,298;0;27,321;0
7;07.09.2020 13:13:56;50,779;0;53,592;0;43,243;0;46,09;0;30,067;0;26,824;0;24,609;0;38,598;0;55,284;0;0,019277418;0;0,092696735;0;24,406;0;24,634;0;24,616;0;24,672;0;24,709;0;24,74;0;24,682;0;24,838;0;25,473;0;26,278;0;28,86;0;31,474;0;32,412;0;32,613;0;32,674;0;32,542;0;32,532;0;32,537;0;32,305;0;27,356;0
8;07.09.2020 13:14:01;50,722;0;53,567;0;43,23;0;46,06;0;30,016;0;26,88;0;24,688;0;38,603;0;58,927;0;0,019318122;0;0,093050695;0;24,395;0;24,615;0;24,626;0;24,686;0;24,724;0;24,748;0;24,678;0;24,857;0;25,481;0;26,268;0;28,893;0;31,526;0;32,436;0;32,627;0;32,667;0;32,559;0;32,533;0;32,536;0;32,301;0;27,202;0
9;07.09.2020 13:14:06;50,712;0;53,559;0;43,19;0;46,022;0;30,003;0;27,443;0;24,755;0;38,603;0;56,063;0;0,019113999;0;0,09241458;0;24,37;0;24,619;0;24,605;0;24,654;0;24,72;0;24,758;0;24,683;0;24,844;0;25,5;0;26,256;0;28,843;0;31,51;0;32,468;0;32,616;0;32,658;0;32,555;0;32,535;0;32,537;0;32,292;0;27,152;0
10;07.09.2020 13:14:11;50,707;0;53,517;0;43,17;0;45,992;0;29,991;0;28,813;0;24,813;0;38,582;0;55,668;0;0,018560556;0;0,092655275;0;24,38;0;24,612;0;24,629;0;24,681;0;24,721;0;24,76;0;24,683;0;24,852;0;25,498;0;26,271;0;28,783;0;31,465;0;32,485;0;32,605;0;32,636;0;32,536;0;32,52;0;32,536;0;32,268;0;27,245;0
11;07.09.2020 13:14:16;50,694;0;53,514;0;43,177;0;45,987;0;29,96;0;30,84;0;24,864;0;38,555;0;55,159;0;0,018864915;0;0,092377165;0;24,367;0;24,606;0;24,618;0;24,672;0;24,72;0;24,76;0;24,693;0;24,846;0;25,479;0;26,291;0;28,81;0;31,431;0;32,501;0;32,611;0;32,645;0;32,555;0;32,535;0;32,512;0;32,297;0;27,231;0
12;07.09.2020 13:14:21;50,682;0;53,477;0;43,149;0;45,964;0;29,94;0;33,147;0;24,946;0;38,527;0;54,827;0;0,018007116;0;0,092387275;0;24,347;0;24,603;0;24,607;0;24,661;0;24,712;0;24,748;0;24,693;0;24,854;0;25,502;0;26,288;0;28,842;0;31,428;0;32,484;0;32,655;0;32,633;0;32,583;0;32,563;0;32,519;0;32,323;0;27,346;0
13;07.09.2020 13:14:26;50,654;0;53,474;0;43,132;0;45,942;0;29,896;0;35,919;0;24,994;0;38,497;0;52,709;0;0,01806969;0;0,09216681;0;24,39;0;24,598;0;24,622;0;24,658;0;24,723;0;24,781;0;24,696;0;24,887;0;25,49;0;26,285;0;28,875;0;31,433;0;32,481;0;32,637;0;32,633;0;32,56;0;32,545;0;32,527;0;32,369;0;27,308;0
14;07.09.2020 13:14:31;50,669;0;53,479;0;43,099;0;45,904;0;29,901;0;38,703;0;25,035;0;38,434;0;54,2;0;0,017574573;0;0,092333675;0;24,385;0;24,631;0;24,599;0;24,656;0;24,717;0;24,765;0;24,681;0;24,856;0;25,479;0;26,239;0;28,937;0;31,418;0;32,52;0;32,621;0;32,612;0;32,54;0;32,519;0;32,525;0;32,354;0;27,252;0
15;07.09.2020 13:14:36;50,629;0;53,444;0;43,089;0;45,886;0;29,871;0;41,042;0;25,071;0;38,393;0;54,547;0;0,017292081;0;0,092241645;0;24,362;0;24,601;0;24,627;0;24,656;0;24,702;0;24,804;0;24,701;0;24,869;0;25,492;0;26,259;0;28,99;0;31,377;0;32,52;0;32,614;0;32,628;0;32,504;0;32,525;0;32,502;0;32,356;0;27,318;0
16;07.09.2020 13:14:41;50,622;0;53,444;0;43,074;0;45,838;0;29,871;0;43,134;0;25,124;0;38,363;0;55,142;0;0,01745307;0;0,092424695;0;24,387;0;24,624;0;24,604;0;24,656;0;24,72;0;24,801;0;24,688;0;24,864;0;25,479;0;26,288;0;28,962;0;31,408;0;32,497;0;32,629;0;32,622;0;32,519;0;32,525;0;32,512;0;32,372;0;27,252;0
17;07.09.2020 13:14:46;50,637;0;53,437;0;43,036;0;45,833;0;29,82;0;44,815;0;25,142;0;38,33;0;57,908;0;0,016623216;0;0,0922821;0;24,395;0;24,598;0;24,609;0;24,661;0;24,738;0;24,786;0;24,693;0;24,877;0;25,482;0;26,313;0;28,898;0;31,436;0;32,537;0;32,611;0;32,607;0;32,504;0;32,499;0;32,502;0;32,379;0;27,214;0
18;07.09.2020 13:14:51;50,642;0;53,39;0;43,031;0;45,8;0;29,83;0;45,989;0;25,209;0;38,26;0;58,318;0;0,016782384;0;0,09206669;0;24,393;0;24,603;0;24,594;0;24,656;0;24,723;0;24,791;0;24,709;0;24,872;0;25,513;0;26,359;0;28,842;0;31,477;0;32,53;0;32,606;0;32,615;0;32,494;0;32,519;0;32,537;0;32,359;0;27,14;0
19;07.09.2020 13:14:56;50,617;0;53,387;0;43,039;0;45,798;0;29,797;0;46,818;0;25,216;0;38,24;0;53,206;0;0,016665741;0;0,092202205;0;24,382;0;24,619;0;24,622;0;24,668;0;24,712;0;24,816;0;24,691;0;24,879;0;25,52;0;26,412;0;28,822;0;31,512;0;32,527;0;32,596;0;32,625;0;32,507;0;32,481;0;32,486;0;32,328;0;27,137;0
20;07.09.2020 13:15:01;50,582;0;53,362;0;43,008;0;45,77;0;29,794;0;47,506;0;25,262;0;38,174;0;56,842;0;0,01680972;0;0,092240635;0;24,416;0;24,631;0;24,626;0;24,689;0;24,75;0;24,804;0;24,699;0;24,914;0;25,504;0;26,432;0;28,853;0;31,552;0;32,546;0;32,613;0;32,596;0;32,528;0;32,485;0;32,511;0;32,279;0;27,302;0
21;07.09.2020 13:15:06;50,572;0;53,35;0;42,981;0;45,75;0;29,807;0;48,156;0;25,244;0;38,157;0;57,262;0;0,016250814;0;0,09222749;0;24,447;0;24,654;0;24,628;0;24,69;0;24,748;0;24,812;0;24,732;0;24,899;0;25,49;0;26,415;0;28,841;0;31,543;0;32,571;0;32,618;0;32,586;0;32,523;0;32,513;0;32,506;0;32,238;0;27,266;0
22;07.09.2020 13:15:11;50,582;0;53,327;0;42,988;0;45,725;0;29,779;0;48,73;0;25,267;0;38,121;0;57,187;0;0,016422741;0;0,092100065;0;24,463;0;24,644;0;24,646;0;24,7;0;24,75;0;24,797;0;24,722;0;24,901;0;25,515;0;26,395;0;28,836;0;31,566;0;32,555;0;32,615;0;32,606;0;32,516;0;32,503;0;32,503;0;32,217;0;27,353;0
23;07.09.2020 13:15:16;50,547;0;53,347;0;42,971;0;45,712;0;29,731;0;49,47;0;25,272;0;38,088;0;56,885;0;0,017327316;0;0,092138495;0;24,465;0;24,628;0;24,647;0;24,684;0;24,74;0;24,776;0;24,707;0;24,868;0;25,499;0;26,391;0;28,886;0;31,578;0;32,539;0;32,605;0;32,601;0;32,503;0;32,506;0;32,506;0;32,243;0;27,296;0
24;07.09.2020 13:15:21;50,784;0;53,302;0;42,963;0;45,682;0;29,71;0;50,289;0;25,275;0;38,025;0;59,671;0;0,017896551;0;0,092509645;0;24,475;0;24,646;0;24,647;0;24,694;0;24,737;0;24,761;0;24,719;0;24,868;0;25,506;0;26,383;0;28,952;0;31,613;0;32,511;0;32,567;0;32,614;0;32,5;0;32,472;0;32,493;0;32,289;0;27,335;0
25;07.09.2020 13:15:26;50,924;0;53,272;0;42,923;0;45,652;0;29,896;0;50,868;0;25,285;0;38,003;0;58,173;0;0,018867345;0;0,092270975;0;24,511;0;24,668;0;24,681;0;24,724;0;24,766;0;24,794;0;24,716;0;24,893;0;25,502;0;26,371;0;28,991;0;31,622;0;32,53;0;32,558;0;32,598;0;32,504;0;32,499;0;32,499;0;32,318;0;27,341;0
26;07.09.2020 13:15:31;50,914;0;53,27;0;42,895;0;45,634;0;29,942;0;51,148;0;25,303;0;37,978;0;58,103;0;0,020299854;0;0,09191095;0;24,527;0;24,669;0;24,659;0;24,716;0;24,767;0;24,802;0;24,724;0;24,898;0;25,512;0;26,37;0;29,039;0;31,57;0;32,483;0;32,586;0;32,61;0;32,502;0;32,494;0;32,489;0;32,283;0;27,283;0
27;07.09.2020 13:15:36;50,772;0;53,255;0;42,918;0;45,594;0;30,195;0;51,642;0;25,308;0;37,945;0;59,07;0;0,021766983;0;0,092108155;0;24,566;0;24,711;0;24,684;0;24,715;0;24,78;0;24,802;0;24,721;0;24,881;0;25,516;0;26,389;0;29,102;0;31,58;0;32,452;0;32,592;0;32,595;0;32,503;0;32,485;0;32,49;0;32,274;0;27,233;0
28;07.09.2020 13:15:41;50,567;0;53,247;0;42,882;0;45,571;0;30,399;0;52,089;0;25,295;0;37,922;0;59,771;0;0,023850123;0;0,092122315;0;24,607;0;24,686;0;24,702;0;24,71;0;24,772;0;24,807;0;24,726;0;24,887;0;25,544;0;26,425;0;29,117;0;31,542;0;32,44;0;32,557;0;32,59;0;32,498;0;32,475;0;32,475;0;32,264;0;27,159;0
29;07.09.2020 13:15:46;50,547;0;53,222;0;42,86;0;45,561;0;30,559;0;52,484;0;25,336;0;37,904;0;61,693;0;0,024894426;0;0,09214254;0;24,622;0;24,707;0;24,694;0;24,729;0;24,805;0;24,836;0;24,758;0;24,892;0;25,571;0;26,453;0;29,032;0;31,48;0;32,428;0;32,572;0;32,588;0;32,506;0;32,483;0;32,498;0;32,233;0;27,386;0
30;07.09.2020 13:15:51;50,579;0;53,21;0;42,852;0;45,536;0;30,819;0;52,863;0;25,357;0;37,869;0;61,248;0;0,028283103;0;0,09226693;0;24,658;0;24,726;0;24,716;0;24,755;0;24,8;0;24,828;0;24,743;0;24,919;0;25,581;0;26,462;0;29,015;0;31,471;0;32,435;0;32,563;0;32,591;0;32,505;0;32,482;0;32,497;0;32,216;0;27,612;0
31;07.09.2020 13:15:56;50,482;0;53,2;0;42,827;0;45,478;0;31,067;0;53,348;0;25,395;0;37,859;0;61,658;0;0,029074077;0;0,092223445;0;24,63;0;24,691;0;24,707;0;24,739;0;24,789;0;24,836;0;24,741;0;24,907;0;25,558;0;26,44;0;29,004;0;31,477;0;32,436;0;32,564;0;32,578;0;32,493;0;32,49;0;32,46;0;32,184;0;27,628;0
32;07.09.2020 13:16:01;50,47;0;53,18;0;42,802;0;45,488;0;31,161;0;53,66;0;25,423;0;37,869;0;59,744;0;0,03208914;0;0,09195747;0;24,663;0;24,704;0;24,717;0;24,739;0;24,782;0;24,815;0;24,741;0;24,935;0;25,548;0;26,404;0;28,991;0;31,513;0;32,459;0;32,541;0;32,588;0;32,508;0;32,465;0;32,475;0;32,039;0;27,534;0
33;07.09.2020 13:16:06;50,532;0;53,155;0;42,812;0;45,458;0;31,551;0;54,072;0;25,469;0;37,847;0;59,854;0;0,03351678;0;0,09205658;0;24,692;0;24,746;0;24,716;0;24,77;0;24,79;0;24,838;0;24,771;0;24,942;0;25,538;0;26,332;0;28,974;0;31,568;0;32,46;0;32,548;0;32,565;0;32,474;0;32,466;0;32,477;0;32,298;0;27,331;0
34;07.09.2020 13:16:11;50,512;0;53,13;0;42,746;0;45,448;0;31,651;0;54,434;0;25,532;0;37,831;0;60,298;0;0,036054942;0;0,091752175;0;24,686;0;24,731;0;24,704;0;24,765;0;24,802;0;24,821;0;24,764;0;24,954;0;25,571;0;26,312;0;28,982;0;31,634;0;32,46;0;32,545;0;32,542;0;32,474;0;32,479;0;32,461;0;32,359;0;27,178;0
35;07.09.2020 13:16:16;50,624;0;53,142;0;42,734;0;45,402;0;31,816;0;54,916;0;25,627;0;37,799;0;61,387;0;0,037910883;0;0,092063655;0;24,697;0;24,723;0;24,709;0;24,755;0;24,784;0;24,833;0;24,769;0;24,988;0;25,571;0;26,317;0;29,054;0;31,629;0;32,465;0;32,55;0;32,55;0;32,487;0;32,464;0;32,448;0;32,339;0;27,344;0
36;07.09.2020 13:16:21;50,734;0;53,127;0;42,731;0;45,364;0;32,178;0;55,48;0;25,696;0;37,768;0;60,913;0;0,040792893;0;0,09186544;0;24,712;0;24,739;0;24,724;0;24,783;0;24,815;0;24,841;0;24,759;0;24,98;0;25,599;0;26,373;0;29,112;0;31,573;0;32,455;0;32,54;0;32,545;0;32,461;0;32,482;0;32,446;0;32,206;0;27,275;0
37;07.09.2020 13:16:26;50,504;0;53,095;0;42,698;0;45,359;0;32,38;0;55,989;0;25,764;0;37,71;0;59,539;0;0,042176802;0;0,09200601;0;24,714;0;24,736;0;24,721;0;24,783;0;24,81;0;24,826;0;24,769;0;24,995;0;25,612;0;26,416;0;29,171;0;31,507;0;32,447;0;32,54;0;32,525;0;32,474;0;32,456;0;32,408;0;32,191;0;27,347;0
38;07.09.2020 13:16:31;50,45;0;53,09;0;42,686;0;45,332;0;32,321;0;56,359;0;25,844;0;37,7;0;57,007;0;0,043915488;0;0,09188769;0;24,699;0;24,757;0;24,721;0;24,747;0;24,828;0;24,854;0;24,761;0;24,995;0;25,609;0;26,454;0;29,189;0;31,519;0;32,458;0;32,527;0;32,558;0;32,474;0;32,451;0;32,426;0;32,239;0;27,199;0
39;07.09.2020 13:16:36;50,404;0;53,084;0;42,679;0;45,318;0;32,663;0;56,628;0;25,906;0;37,634;0;57,765;0;0,046778058;0;0,0915489;0;24,707;0;24,744;0;24,737;0;24,77;0;24,82;0;24,859;0;24,731;0;24,967;0;25,584;0;26,526;0;29,224;0;31,591;0;32,473;0;32,512;0;32,532;0;32,456;0;32,466;0;32,428;0;32,244;0;27,038;0
40;07.09.2020 13:16:41;50,367;0;53,051;0;42,649;0;45,285;0;32,785;0;56,837;0;25,955;0;37,596;0;59,508;0;0,048023454;0;0,09198073;0;24,717;0;24,744;0;24,716;0;24,775;0;24,833;0;24,833;0;24,753;0;24,967;0;25,589;0;26,551;0;29,212;0;31,665;0;32,473;0;32,52;0;32,532;0;32,443;0;32,461;0;32,426;0;32,28;0;27,109;0
41;07.09.2020 13:16:46;50,412;0;53,046;0;42,619;0;45,257;0;33,122;0;57,08;0;26,026;0;37,538;0;61,058;0;0,049233606;0;0,092063655;0;24,727;0;24,723;0;24,734;0;24,783;0;24,825;0;24,813;0;24,751;0;24,967;0;25,589;0;26,589;0;29,181;0;31,718;0;32,44;0;32,52;0;32,54;0;32,438;0;32,431;0;32,436;0;32,262;0;27,209;0
42;07.09.2020 13:16:51;50,442;0;53,035;0;42,62;0;45,256;0;33,31;0;57,298;0;26,047;0;37,448;0;58,915;0;0,052311234;0;0,09189578;0;24,732;0;24,734;0;24,744;0;24,78;0;24,815;0;24,836;0;24,751;0;24,957;0;25,548;0;26,549;0;29,181;0;31,716;0;32,44;0;32,507;0;32,532;0;32,451;0;32,443;0;32,433;0;32,252;0;27,283;0
43;07.09.2020 13:16:56;50,429;0;52,991;0;42,596;0;45,23;0;33,68;0;57,494;0;26,079;0;37,414;0;60,045;0;0,052880469;0;0,09202624;0;24,748;0;24,741;0;24,752;0;24,793;0;24,815;0;24,846;0;24,766;0;24,947;0;25,574;0;26,551;0;29,217;0;31,726;0;32,447;0;32,517;0;32,509;0;32,428;0;32,408;0;32,433;0;32,298;0;27,403;0
44;07.09.2020 13:17:01;50,331;0;52,977;0;42,591;0;45,197;0;33,667;0;57,416;0;26,15;0;37,369;0;61,275;0;0,053621634;0;0,092046465;0;24,73;0;24,754;0;24,752;0;24,788;0;24,812;0;24,841;0;24,764;0;24,988;0;25,556;0;26,526;0;29,189;0;31,726;0;32,442;0;32,52;0;32,52;0;32,436;0;32,428;0;32,441;0;32,285;0;27,341;0
45;07.09.2020 13:17:06;50,346;0;52,953;0;42,549;0;45,173;0;33,981;0;57,206;0;26,194;0;37,325;0;57,054;0;0,057553416;0;0,091839145;0;24,753;0;24,769;0;24,734;0;24,813;0;24,81;0;24,841;0;24,759;0;25,011;0;25,604;0;26,498;0;29,219;0;31,772;0;32,463;0;32,512;0;32,545;0;32,433;0;32,428;0;32,41;0;32,181;0;27,451;0
46;07.09.2020 13:17:11;50,371;0;52,938;0;42,511;0;45,135;0;33,989;0;57,118;0;26,212;0;37,255;0;57,521;0;0,059309718;0;0,091867465;0;24,758;0;24,764;0;24,775;0;24,796;0;24,823;0;24,836;0;24,769;0;25,049;0;25,604;0;26,5;0;29,242;0;31,866;0;32,45;0;32,505;0;32,514;0;32,433;0;32,41;0;32,423;0;32,244;0;27,267;0
47;07.09.2020 13:17:16;50,401;0;52,936;0;42,511;0;45,13;0;34,31;0;57,176;0;26,268;0;37,194;0;59,014;0;0,058989561;0;0,09196455;0;24,76;0;24,759;0;24,747;0;24,788;0;24,812;0;24,836;0;24,759;0;25,087;0;25,63;0;26,544;0;29,26;0;31,907;0;32,447;0;32,51;0;32,512;0;32,428;0;32,428;0;32,415;0;32,303;0;27,227;0
48;07.09.2020 13:17:21;50,426;0;52,906;0;42,481;0;45,089;0;34,57;0;57,293;0;26,291;0;37,136;0;56,844;0;0,062146779;0;0,09153373;0;24,74;0;24,764;0;24,77;0;24,806;0;24,82;0;24,836;0;24,766;0;25,061;0;25,665;0;26,566;0;29,268;0;31,871;0;32,458;0;32,52;0;32,514;0;32,436;0;32,41;0;32,395;0;32,321;0;27,13;0
49;07.09.2020 13:17:26;50,378;0;52,88;0;42,457;0;45,068;0;34,687;0;57,393;0;26,342;0;37,125;0;59,145;0;0,063227535;0;0,09190488;0;24,763;0;24,762;0;24,767;0;24,821;0;24,833;0;24,859;0;24,769;0;25,087;0;25,648;0;26,625;0;29,334;0;31,797;0;32,442;0;32,499;0;32,512;0;32,42;0;32,418;0;32,418;0;32,262;0;27,099;0
50;07.09.2020 13:17:31;50,341;0;52,867;0;42,441;0;45,055;0;34,827;0;57,554;0;26,362;0;37,089;0;60,675;0;0,06409566;0;0,092108155;0;24,76;0;24,759;0;24,767;0;24,831;0;24,823;0;24,856;0;24,753;0;25,064;0;25,658;0;26,694;0;29,413;0;31,744;0;32,445;0;32,52;0;32,504;0;32,431;0;32,4;0;32,431;0;32,26;0;27,194;0
51;07.09.2020 13:17:36;50,308;0;52,859;0;42,418;0;45,014;0;35,009;0;57,529;0;26,384;0;37,018;0;61,576;0;0,064514841;0;0,09189477;0;24,776;0;24,795;0;24,78;0;24,819;0;24,828;0;24,849;0;24,771;0;25,059;0;25,632;0;26,674;0;29,467;0;31,792;0;32,463;0;32,489;0;32,532;0;32,413;0;32,392;0;32,42;0;32,188;0;27,255;0
52;07.09.2020 13:17:41;50,308;0;52,829;0;42,377;0;45,016;0;35,112;0;57,389;0;26,415;0;36,97;0;61,72;0;0,067715802;0;0,09227603;0;24,781;0;24,79;0;24,78;0;24,836;0;24,812;0;24,851;0;24,794;0;25,039;0;25,635;0;26,689;0;29,441;0;31,779;0;32,455;0;32,497;0;32,502;0;32,405;0;32,418;0;32,352;0;32,097;0;27,303;0
53;07.09.2020 13:17:46;50,303;0;52,822;0;42,38;0;44,987;0;35,281;0;57,225;0;26,435;0;36,952;0;61,612;0;0,067933896;0;0,09175723;0;24,786;0;24,802;0;24,793;0;24,803;0;24,815;0;24,859;0;24,776;0;25,028;0;25,645;0;26,681;0;29,431;0;31,83;0;32,445;0;32,502;0;32,497;0;32,41;0;32,413;0;32,413;0;31,995;0;27,459;0
54;07.09.2020 13:17:51;50,301;0;52,827;0;42,345;0;44,952;0;35,601;0;57,105;0;26,458;0;36,915;0;61,634;0;0,068591826;0;0,091769365;0;24,755;0;24,787;0;24,788;0;24,821;0;24,828;0;24,859;0;24,815;0;25,072;0;25,642;0;26,707;0;29,459;0;31,892;0;32,442;0;32,497;0;32,504;0;32,405;0;32,403;0;32,346;0;32,311;0;27,456;0
55;07.09.2020 13:17:56;50,288;0;52,784;0;42,334;0;44,958;0;35,712;0;57,025;0;26,509;0;36,862;0;61,979;0;0,068921094;0;0,091931175;0;24,809;0;24,797;0;24,803;0;24,829;0;24,83;0;24,838;0;24,797;0;25,133;0;25,648;0;26,75;0;29,505;0;31,912;0;32,402;0;32,494;0;32,507;0;32,41;0;32,426;0;32,408;0;32,339;0;27,278;0
56;07.09.2020 13:18:01;50,261;0;52,794;0;42,312;0;44,905;0;35,871;0;57,117;0;26,537;0;36,826;0;61,039;0;0,071355378;0;0,092061635;0;24,794;0;24,792;0;24,816;0;24,826;0;24,841;0;24,859;0;24,83;0;25,202;0;25,688;0;26,735;0;29,563;0;31,899;0;32,43;0;32,499;0;32,504;0;32,4;0;32,4;0;32,331;0;32,303;0;27,178;0
57;07.09.2020 13:18:06;50,268;0;52,749;0;42,294;0;44,888;0;35,848;0;57,322;0;26,565;0;36,829;0;57,866;0;0,073515063;0;0,092077815;0;24,827;0;24,8;0;24,813;0;24,844;0;24,851;0;24,849;0;24,802;0;25,235;0;25,681;0;26,697;0;29,597;0;31,866;0;32,422;0;32,499;0;32,494;0;32,408;0;32,395;0;32,346;0;32,311;0;27,148;0
58;07.09.2020 13:18:11;50,264;0;52,767;0;42,287;0;44,884;0;36,138;0;57,654;0;26,606;0;36,789;0;56,436;0;0,071809185;0;0,09160857;0;24,806;0;24,828;0;24,818;0;24,834;0;24,858;0;24,846;0;24,825;0;25,235;0;25,691;0;26,676;0;29,635;0;31,8;0;32,402;0;32,499;0;32,509;0;32,408;0;32,38;0;32,505;0;32,357;0;27,25;0
59;07.09.2020 13:18:16;50,249;0;52,759;0;42,277;0;44,856;0;36,307;0;57,936;0;26,64;0;36,771;0;56,204;0;0,074421465;0;0,09184319;0;24,791;0;24,833;0;24,806;0;24,819;0;24,879;0;24,864;0;24,817;0;25,25;0;25,696;0;26,717;0;29,648;0;31,772;0;32,43;0;32,484;0;32,484;0;32,418;0;32,426;0;32,545;0;32,242;0;27,296;0
60;07.09.2020 13:18:21;50,256;0;52,746;0;42,271;0;44,829;0;36,343;0;58,222;0;26,664;0;36,742;0;57,508;0;0,075434178;0;0,091675315;0;24,824;0;24,825;0;24,793;0;24,849;0;24,858;0;24,861;0;24,82;0;25,227;0;25,691;0;26,776;0;29,655;0;31,807;0;32,445;0;32,499;0;32,494;0;32,428;0;32,459;0;32,535;0;32,257;0;27,25;0
61;07.09.2020 13:18:26;50,31;0;52,768;0;42,282;0;44,847;0;36,446;0;58,545;0;26,701;0;36,732;0;60,166;0;0,075868551;0;0,091984775;0;24,811;0;24,828;0;24,821;0;24,821;0;24,825;0;24,869;0;24,825;0;25,207;0;25,719;0;26,847;0;29,671;0;31,835;0;32,452;0;32,487;0;32,509;0;32,41;0;32,484;0;32,617;0;32,196;0;27,201;0
62;07.09.2020 13:18:31;50,284;0;52,736;0;42,235;0;44,798;0;36,57;0;58,7;0;26,728;0;36,671;0;60,088;0;0,077474799;0;0,091576205;0;24,827;0;24,843;0;24,816;0;24,839;0;24,848;0;24,856;0;24,817;0;25,192;0;25,721;0;26,857;0;29,683;0;31,864;0;32,475;0;32,505;0;32,502;0;32,39;0;32,584;0;32,604;0;32,288;0;27,214;0
63;07.09.2020 13:18:36;50,285;0;52,763;0;42,243;0;44,808;0;36,772;0;58,669;0;26,77;0;36,656;0;61,307;0;0,079567659;0;0,09186544;0;24,824;0;24,871;0;24,811;0;24,844;0;24,902;0;24,874;0;24,832;0;25,192;0;25,75;0;26,88;0;29,755;0;31,848;0;32,46;0;32,52;0;32,504;0;32,41;0;32,54;0;32,573;0;32,41;0;27,125;0
64;07.09.2020 13:18:41;50,296;0;52,783;0;42,252;0;44,808;0;36,946;0;58,354;0;26,797;0;36,635;0;58,093;0;0,079480785;0;0,09167835;0;24,837;0;24,861;0;24,831;0;24,859;0;24,838;0;24,877;0;24,845;0;25,197;0;25,772;0;26,852;0;29,829;0;31,846;0;32,47;0;32,502;0;32,509;0;32,426;0;32,558;0;32,525;0;32,533;0;26,997;0
65;07.09.2020 13:18:46;50,273;0;52,742;0;42,216;0;44,787;0;37,042;0;57,875;0;26,81;0;36,6;0;58,95;0;0,079994736;0;0,09150845;0;24,837;0;24,856;0;24,828;0;24,841;0;24,851;0;24,864;0;24,835;0;25,271;0;25,798;0;26,834;0;29,88;0;31,853;0;32,458;0;32,499;0;32,494;0;32,433;0;32,55;0;32,599;0;32,341;0;26,814;0
66;07.09.2020 13:18:51;50,276;0;52,712;0;42,205;0;44,772;0;37,157;0;57,493;0;26,823;0;36,56;0;62,344;0;0,081252882;0;0,091862405;0;24,867;0;24,871;0;24,823;0;24,839;0;24,838;0;24,884;0;24,868;0;25,332;0;25,801;0;26,86;0;29,872;0;31,874;0;32,422;0;32,507;0;32,497;0;32,433;0;32,533;0;32,703;0;32,53;0;26,967;0
67;07.09.2020 13:18:56;50,293;0;52,728;0;42,192;0;44,755;0;37,468;0;57,381;0;26,856;0;36,534;0;64,098;0;0,082786842;0;0,091892745;0;24,845;0;24,856;0;24,834;0;24,864;0;24,825;0;24,884;0;24,853;0;25,388;0;25,806;0;26,888;0;29,903;0;31,886;0;32,43;0;32,494;0;32,479;0;32,41;0;32,64;0;32,724;0;32,617;0;27,005;0
68;07.09.2020 13:19:01;50,211;0;52,722;0;42,186;0;44,746;0;37,453;0;57,409;0;26,888;0;36,507;0;63,615;0;0,080467983;0;0,09150946;0;24,867;0;24,851;0;24,836;0;24,844;0;24,83;0;24,887;0;24,889;0;25,406;0;25,836;0;26,913;0;29,887;0;31,869;0;32,44;0;32,494;0;32,507;0;32,397;0;32,678;0;32,568;0;32,533;0;27,16;0
69;07.09.2020 13:19:06;50,244;0;52,694;0;42,173;0;44,713;0;37,531;0;57,597;0;26,903;0;36,512;0;65,282;0;0,082822077;0;0,091938255;0;24,85;0;24,851;0;24,844;0;24,867;0;24,841;0;24,9;0;24,894;0;25,408;0;25,859;0;26,946;0;29,897;0;31,907;0;32,45;0;32,494;0;32,497;0;32,405;0;32,668;0;32,701;0;32,362;0;27,094;0
70;07.09.2020 13:19:11;50,256;0;52,699;0;42,128;0;44,696;0;37,69;0;57,732;0;26,926;0;36,472;0;59,895;0;0,085366923;0;0,09176633;0;24,85;0;24,874;0;24,844;0;24,829;0;24,841;0;24,877;0;24,927;0;25,375;0;25,841;0;26,992;0;29,994;0;31,912;0;32,43;0;32,492;0;32,497;0;32,42;0;32,622;0;32,706;0;32,436;0;27,155;0
71;07.09.2020 13:19:16;50,236;0;52,692;0;42,13;0;44,683;0;37,808;0;57,737;0;26,954;0;36,444;0;57,927;0;0,087996819;0;0,091505415;0;24,865;0;24,887;0;24,844;0;24,844;0;24,853;0;24,859;0;24,917;0;25,339;0;25,846;0;27,038;0;30,045;0;32,014;0;32,394;0;32,512;0;32,484;0;32,443;0;32,609;0;32,805;0;32,464;0;26,987;0
72;07.09.2020 13:19:21;50,214;0;52,654;0;42,133;0;44,673;0;37,78;0;57,849;0;26,954;0;36,437;0;57,371;0;0,085900314;0;0,091450805;0;24,89;0;24,885;0;24,83;0;24,849;0;24,838;0;24,895;0;24,952;0;25,351;0;25,864;0;27,047;0;30,031;0;32,01;0;32,377;0;32,511;0;32,502;0;32,447;0;32,575;0;32,825;0;32,381;0;27,129;0
73;07.09.2020 13:19:26;50,224;0;52,657;0;42,113;0;44,645;0;38,035;0;58,233;0;26,987;0;36,412;0;57,668;0;0,0884397;0;0,091584295;0;24,88;0;24,883;0;24,858;0;24,849;0;24,869;0;24,907;0;24,968;0;25,348;0;25,836;0;27,093;0;30,029;0;32,005;0;32,395;0;32,503;0;32,504;0;32,422;0;32,651;0;32,812;0;32,417;0;27,083;0
74;07.09.2020 13:19:31;50,194;0;52,649;0;42,09;0;44,628;0;38,136;0;58,725;0;26,998;0;36,376;0;56,999;0;0,088516248;0;0,091374955;0;24,88;0;24,878;0;24,83;0;24,844;0;24,863;0;24,9;0;24,978;0;25,379;0;25,862;0;27,203;0;30,146;0;31,985;0;32,426;0;32,498;0;32,489;0;32,414;0;32,651;0;32,723;0;32,396;0;27,001;0
75;07.09.2020 13:19:36;50,214;0;52,624;0;42,06;0;44,595;0;38,035;0;59,237;0;27,028;0;36,364;0;58,667;0;0,08830848;0;0,09193623;0;24,895;0;24,87;0;24,824;0;24,845;0;24,854;0;24,9;0;25,03;0;25,41;0;25,904;0;27,31;0;30,275;0;32,017;0;32,376;0;32,501;0;32,506;0;32,414;0;32,695;0;32,812;0;32,838;0;27,335;0
76;07.09.2020 13:19:41;50,189;0;52,617;0;42,057;0;44,57;0;38,433;0;59,667;0;27,031;0;36,321;0;59,511;0;0,09100581;0;0,091838135;0;24,862;0;24,86;0;24,817;0;24,863;0;24,835;0;24,933;0;25,02;0;25,449;0;25,928;0;27,274;0;30,304;0;32,039;0;32,396;0;32,498;0;32,497;0;32,436;0;32,673;0;32,844;0;32,86;0;27,26;0
77;07.09.2020 13:19:46;50,209;0;52,622;0;42,032;0;44,577;0;38,244;0;59,589;0;27,059;0;36,331;0;60,624;0;0,091535556;0;0,091537775;0;24,841;0;24,841;0;24,839;0;24,844;0;24,853;0;24,912;0;25,021;0;25,453;0;25,941;0;27,206;0;30,284;0;32,096;0;32,425;0;32,535;0;32,516;0;32,441;0;32,759;0;32,892;0;32,792;0;27,191;0
78;07.09.2020 13:19:51;50,184;0;52,597;0;41,994;0;44,56;0;38,539;0;59,27;0;27,061;0;36,321;0;60,619;0;0,090298065;0;0,091700595;0;24,861;0;24,846;0;24,837;0;24,854;0;24,866;0;24,94;0;25,06;0;25,479;0;25,926;0;27,275;0;30,294;0;32,14;0;32,413;0;32,535;0;32,521;0;32,433;0;32,736;0;32,91;0;32,757;0;27,066;0
79;07.09.2020 13:19:56;50,186;0;52,577;0;41,997;0;44,547;0;38,637;0;58,828;0;27,089;0;36,278;0;58,976;0;0,091723275;0;0,09147912;0;24,848;0;24,836;0;24,847;0;24,851;0;24,868;0;24,951;0;25,055;0;25,479;0;25,908;0;27,399;0;30,279;0;32,153;0;32,407;0;32,52;0;32,508;0;32,423;0;32,777;0;32,828;0;32,981;0;27,101;0
80;07.09.2020 13:20:01;50,146;0;52,58;0;41,977;0;44,514;0;38,849;0;58,383;0;27,128;0;36,273;0;57,88;0;0,092319237;0;0,09155497;0;24,851;0;24,833;0;24,837;0;24,905;0;24,863;0;24,963;0;25,067;0;25,468;0;25,941;0;27,415;0;30,277;0;32,165;0;32,418;0;32,532;0;32,508;0;32,415;0;32,744;0;32,92;0;32,859;0;27,254;0
81;07.09.2020 13:20:06;50,144;0;52,552;0;41,962;0;44,494;0;38,894;0;58,024;0;27,163;0;36,24;0;59,268;0;0,093146055;0;0,091252585;0;24,825;0;24,833;0;24,824;0;24,89;0;24,907;0;24,979;0;25,077;0;25,479;0;25,962;0;27,42;0;30,277;0;32,181;0;32,423;0;32,514;0;32,505;0;32,395;0;32,772;0;32,925;0;32,981;0;27,377;0
82;07.09.2020 13:20:11;50,146;0;52,542;0;41,946;0;44,481;0;39,03;0;57,866;0;27,135;0;36,23;0;62,159;0;0,089742804;0;0,091720825;0;24,866;0;24,863;0;24,826;0;24,85;0;24,89;0;24,958;0;25,123;0;25,475;0;25,981;0;27,425;0;30,367;0;32,2;0;32,434;0;32,516;0;32,491;0;32,432;0;32,784;0;33,061;0;33,112;0;27,368;0
83;07.09.2020 13:20:16;50,124;0;52,547;0;41,914;0;44,464;0;39,005;0;57,879;0;27,161;0;36,177;0;60,912;0;0,092089602;0;0,09192713;0;24,858;0;24,87;0;24,824;0;24,886;0;24,87;0;24,958;0;25,103;0;25,488;0;26,016;0;27,453;0;30,423;0;32,202;0;32,434;0;32,516;0;32,527;0;32,401;0;32,832;0;33,12;0;33,237;0;27,218;0
84;07.09.2020 13:20:21;50,119;0;52,535;0;41,921;0;44,429;0;39,247;0;57,991;0;27,189;0;36,19;0;56,786;0;0,094615614;0;0,091358775;0;24,84;0;24,857;0;24,848;0;24,879;0;24,872;0;24,974;0;25,106;0;25,526;0;26,024;0;27,485;0;30,448;0;32,208;0;32,427;0;32,529;0;32,515;0;32,414;0;32,807;0;33,054;0;33,23;0;27,282;0
85;07.09.2020 13:20:26;50,159;0;52,507;0;41,889;0;44,411;0;39,313;0;58,091;0;27,186;0;36,15;0;57,009;0;0,098574741;0;0,091079655;0;24,83;0;24,88;0;24,843;0;24,889;0;24,913;0;25,004;0;25,146;0;25,544;0;26,047;0;27,447;0;30,499;0;32,231;0;32,458;0;32,519;0;32,512;0;32,427;0;32,865;0;33,161;0;33,136;0;27,088;0
86;07.09.2020 13:20:31;50,129;0;52,5;0;41,881;0;44,413;0;39,214;0;58,014;0;27,199;0;36,137;0;57,098;0;0,097107606;0;0,091613625;0;24,835;0;24,901;0;24,848;0;24,882;0;24,918;0;24,991;0;25,205;0;25,559;0;26,073;0;27,475;0;30,545;0;32,22;0;32,417;0;32,536;0;32,512;0;32,424;0;32,901;0;33,174;0;33,306;0;27,302;0
87;07.09.2020 13:20:36;50,151;0;52,477;0;41,853;0;44,381;0;39,471;0;57,944;0;27,242;0;36,137;0;59,179;0;0,098281314;0;0,091136285;0;24,84;0;24,855;0;24,856;0;24,884;0;24,908;0;25,035;0;25,197;0;25,541;0;26,09;0;27,59;0;30,552;0;32,241;0;32,409;0;32,516;0;32,512;0;32,44;0;32,929;0;33,25;0;33,22;0;27,187;0
88;07.09.2020 13:20:41;50,121;0;52,48;0;41,836;0;44,366;0;39,454;0;57,964;0;27,225;0;36,107;0;58,599;0;0,098419218;0;0,091050325;0;24,871;0;24,862;0;24,868;0;24,986;0;24,9;0;25,017;0;25,241;0;25,551;0;26,124;0;27,743;0;30,601;0;32,261;0;32,419;0;32,534;0;32,502;0;32,419;0;32,967;0;33,179;0;33,169;0;27,266;0
89;07.09.2020 13:20:46;50,044;0;52,45;0;41,831;0;44,358;0;39,597;0;58,166;0;27,25;0;36,129;0;59,588;0;0,099157947;0;0,091189885;0;24,843;0;24,896;0;24,861;0;24,902;0;24,89;0;25,042;0;25,241;0;25,554;0;26,139;0;27,837;0;30,639;0;32,259;0;32,412;0;32,524;0;32,502;0;32,419;0;33,023;0;33,342;0;33,391;0;27,544;0
90;07.09.2020 13:20:51;50,077;0;52,452;0;41,81;0;44,345;0;39,817;0;58,186;0;27,27;0;36,064;0;60,315;0;0,097034706;0;0,09124854;0;24,863;0;24,883;0;24,884;0;24,928;0;24,926;0;25,065;0;25,266;0;25,526;0;26,2;0;27,788;0;30,613;0;32,264;0;32,432;0;32,506;0;32,525;0;32,429;0;33,031;0;33,487;0;33,49;0;27,437;0
91;07.09.2020 13:20:56;50,072;0;52,452;0;41,803;0;44,315;0;39,706;0;57,981;0;27,273;0;36,046;0;61,859;0;0,099448944;0;0,09151148;0;24,889;0;24,888;0;24,866;0;24,91;0;24,91;0;25,078;0;25,276;0;25,518;0;26,2;0;27,845;0;30,56;0;32,284;0;32,424;0;32,526;0;32,525;0;32,414;0;33,12;0;33,541;0;33,383;0;27,435;0
92;07.09.2020 13:21:01;50,072;0;52,43;0;41,788;0;44,305;0;39,935;0;57,762;0;27,281;0;36,041;0;62,626;0;0,099588669;0;0,091359785;0;24,909;0;24,885;0;24,85;0;24,912;0;24,951;0;25,086;0;25,322;0;25,513;0;26,21;0;27,934;0;30,57;0;32,269;0;32,409;0;32,516;0;32,517;0;32,417;0;33,174;0;33,396;0;33,322;0;27,511;0
93;07.09.2020 13:21:06;50,074;0;52,437;0;41,77;0;44,28;0;39,943;0;57,584;0;27,304;0;36,026;0;61,26;0;0,099490254;0;0,091089765;0;24,876;0;24,893;0;24,886;0;24,945;0;24,987;0;25,106;0;25,307;0;25,544;0;26,21;0;27,916;0;30,624;0;32,279;0;32,452;0;32,513;0;32,515;0;32,406;0;33,161;0;33,595;0;33,561;0;27,501;0
94;07.09.2020 13:21:11;50,064;0;52,405;0;41,747;0;44,262;0;40,079;0;57,539;0;27,329;0;36,026;0;62,331;0;0,097742457;0;0,091351695;0;24,886;0;24,906;0;24,866;0;24,958;0;25;0;25,119;0;25,315;0;25,574;0;26,213;0;27,801;0;30,69;0;32,282;0;32,45;0;32,503;0;32,512;0;32,404;0;33,067;0;33,704;0;33,592;0;27,511;0
95;07.09.2020 13:21:16;50,059;0;52,4;0;41,737;0;44,255;0;39,965;0;57,509;0;27,319;0;36,021;0;61,719;0;0,10039422;0;0,09132641;0;24,884;0;24,885;0;24,881;0;24,938;0;24,974;0;25,137;0;25,33;0;25,623;0;26,218;0;27,954;0;30,718;0;32,292;0;32,437;0;32,503;0;32,502;0;32,412;0;33,268;0;33,735;0;33,623;0;27,317;0
96;07.09.2020 13:21:21;50,047;0;52,4;0;41,717;0;44,24;0;40,18;0;57,567;0;27,342;0;36,008;0;61,814;0;0,10111411;0;0,091391135;0;24,927;0;24,906;0;24,903;0;25,001;0;24,99;0;25,155;0;25,348;0;25,643;0;26,239;0;28,149;0;30,747;0;32,287;0;32,435;0;32,498;0;32,502;0;32,412;0;33,304;0;33,681;0;33,737;0;27,358;0
97;07.09.2020 13:21:26;50,029;0;52,382;0;41,687;0;44,222;0;40,197;0;57,811;0;27,352;0;35,991;0;60,489;0;0,10354293;0;0,091427545;0;24,869;0;24,921;0;24,936;0;24,988;0;25,007;0;25,165;0;25,366;0;25,687;0;26,261;0;28,032;0;30,791;0;32,307;0;32,445;0;32,534;0;32,512;0;32,401;0;33,159;0;33,77;0;33,969;0;27,253;0
98;07.09.2020 13:21:31;50,039;0;52,365;0;41,7;0;44,199;0;40,202;0;58,109;0;27,37;0;35,971;0;58,332;0;0,10223922;0;0,09103819;0;24,891;0;24,931;0;24,927;0;25,019;0;25,002;0;25,149;0;25,36;0;25,71;0;26,274;0;27,867;0;30,822;0;32,307;0;32,435;0;32,501;0;32,515;0;32,404;0;33,199;0;33,758;0;34,003;0;27,524;0
99;07.09.2020 13:21:36;50,022;0;52,36;0;41,677;0;44,184;0;40,303;0;58,428;0;27,388;0;35,971;0;57,126;0;0,10379139;0;0,091267755;0;24,93;0;24,952;0;24,922;0;25,009;0;24,994;0;25,183;0;25,366;0;25,73;0;26,277;0;28,013;0;30,871;0;32,299;0;32,458;0;32,496;0;32,497;0;32,406;0;33,352;0;33,796;0;33,949;0;27,486;0
100;07.09.2020 13:21:41;49,997;0;52,34;0;41,664;0;44,189;0;40,308;0;58,763;0;27,4;0;35,953;0;56,619;0;0,10461396;0;0,09116157;0;24,912;0;24,934;0;24,924;0;25,014;0;24,966;0;25,175;0;25,396;0;25,727;0;26,328;0;28,265;0;30,866;0;32,299;0;32,435;0;32,508;0;32,497;0;32,414;0;33,327;0;33,814;0;34,089;0;27,496;0
101;07.09.2020 13:21:46;49,992;0;52,33;0;41,657;0;44,174;0;40,522;0;58,99;0;27,4;0;35,938;0;58,444;0;0,10288135;0;0,09110898;0;24,945;0;24,957;0;24,916;0;25,052;0;25,03;0;25,188;0;25,422;0;25,735;0;26,379;0;28,287;0;30,839;0;32,279;0;32,45;0;32,503;0;32,543;0;32,406;0;33,574;0;33,872;0;34,003;0;27,593;0
102;07.09.2020 13:21:51;50,014;0;52,33;0;41,644;0;44,159;0;40,676;0;59,162;0;27,436;0;35,915;0;58,499;0;0,10458906;0;0,09123236;0;24,948;0;24,957;0;24,964;0;25,031;0;25,092;0;25,193;0;25,45;0;25,738;0;26,399;0;28,32;0;30,86;0;32,317;0;32,455;0;32,506;0;32,494;0;32,401;0;33,533;0;33,855;0;34,115;0;27,429;0
103;07.09.2020 13:21:56;49,997;0;52,305;0;41,624;0;44,126;0;40,673;0;59,317;0;27,426;0;35,88;0;58,097;0;0,10398033;0;0,091196965;0;24,948;0;24,952;0;24,939;0;25,021;0;25,115;0;25,216;0;25,47;0;25,738;0;26,392;0;28,437;0;30,939;0;32,305;0;32,447;0;32,511;0;32,502;0;32,414;0;33,755;0;33,934;0;33,952;0;27,529;0
104;07.09.2020 13:22:01;49,999;0;52,317;0;41,606;0;44,096;0;40,701;0;59,23;0;27,444;0;35,877;0;58,644;0;0,1023917;0;0,0912;0;24,955;0;24,962;0;24,946;0;25,077;0;25,089;0;25,234;0;25,47;0;25,768;0;26,412;0;28,409;0;30,972;0;32,284;0;32,422;0;32,521;0;32,497;0;32,412;0;33,689;0;34,069;0;34,311;0;27,506;0
105;07.09.2020 13:22:06;49,959;0;52,272;0;41,596;0;44,086;0;40,895;0;58,97;0;27,431;0;35,872;0;59,021;0;0,10586117;0;0,09126978;0;24,943;0;24,952;0;25;0;25,062;0;25,132;0;25,27;0;25,468;0;25,763;0;26,494;0;28,315;0;30,977;0;32,274;0;32,445;0;32,516;0;32,497;0;32,396;0;33,266;0;34,099;0;34,043;0;27,61;0
106;07.09.2020 13:22:11;49,979;0;52,277;0;41,576;0;44,081;0;40,958;0;58,583;0;27,457;0;35,88;0;58,252;0;0,10416684;0;0,090974475;0;24,992;0;25,002;0;25,037;0;25,116;0;25,213;0;25,275;0;25,521;0;25,802;0;26,528;0;28,463;0;31,027;0;32,3;0;32,45;0;32,524;0;32,496;0;32,391;0;32,855;0;34,25;0;34,316;0;27,506;0
107;07.09.2020 13:22:16;49,954;0;52,267;0;41,574;0;44,081;0;41,062;0;58,263;0;27,472;0;35,847;0;60,145;0;0,10696016;0;0,09119191;0;25,026;0;25,019;0;25,06;0;25,124;0;25,206;0;25,296;0;25,526;0;25,815;0;26,549;0;28,609;0;31,114;0;32,297;0;32,43;0;32,514;0;32,529;0;32,414;0;33,286;0;34,072;0;34,441;0;27,613;0
108;07.09.2020 13:22:21;49,939;0;52,27;0;41,546;0;44,061;0;41,115;0;58,024;0;27,49;0;35,827;0;61,21;0;0,10519353;0;0,091052345;0;25,026;0;25,052;0;25,083;0;25,193;0;25,238;0;25,337;0;25,536;0;25,832;0;26,548;0;28,566;0;31,164;0;32,304;0;32,436;0;32,525;0;32,51;0;32,446;0;33,382;0;34,203;0;34,356;0;27,474;0
109;07.09.2020 13:22:26;49,929;0;52,275;0;41,538;0;44,051;0;41,298;0;57,841;0;27,49;0;35,832;0;59,506;0;0,10826083;0;0,091181795;0;25,075;0;25,075;0;25,089;0;25,208;0;25,232;0;25,35;0;25,553;0;25,873;0;26,557;0;28,54;0;31,162;0;32,305;0;32,455;0;32,53;0;32,537;0;32,413;0;33,344;0;34,343;0;34,228;0;27,599;0
110;07.09.2020 13:22:31;49,942;0;52,252;0;41,51;0;44,038;0;41,14;0;57,704;0;27,505;0;35,845;0;56,534;0;0,10751603;0;0,090972455;0;25,041;0;25,086;0;25,082;0;25,189;0;25,253;0;25,36;0;25,554;0;25,897;0;26,564;0;28,633;0;31,18;0;32,327;0;32,459;0;32,529;0;32,512;0;32,445;0;33,541;0;34,408;0;34,23;0;27,549;0
111;07.09.2020 13:22:36;49,942;0;52,24;0;41,538;0;44,008;0;41,205;0;57,557;0;27,531;0;35,835;0;58,801;0;0,10617951;0;0,091102915;0;25,049;0;25,132;0;25,074;0;25,197;0;25,233;0;25,365;0;25,564;0;25,917;0;26,595;0;28,692;0;31,2;0;32,334;0;32,472;0;32,503;0;32,505;0;32,422;0;33,689;0;34,393;0;34,352;0;27,583;0
112;07.09.2020 13:22:41;49,969;0;52,22;0;41,498;0;43,988;0;41,487;0;57,529;0;27,518;0;35,817;0;56,959;0;0,10867272;0;0,09093908;0;25,108;0;25,126;0;25,137;0;25,195;0;25,283;0;25,408;0;25,594;0;25,924;0;26,585;0;28,737;0;31,264;0;32,32;0;32,455;0;32,52;0;32,524;0;32,449;0;33,938;0;34,537;0;34,366;0;27,607;0
113;07.09.2020 13:22:46;49,934;0;52,207;0;41,48;0;44;0;41,419;0;57,547;0;27,531;0;35,809;0;56,759;0;0,10792063;0;0,09088346;0;25,116;0;25,116;0;25,122;0;25,251;0;25,293;0;25,408;0;25,599;0;25,934;0;26,592;0;28,788;0;31,3;0;32,338;0;32,44;0;32,546;0;32,514;0;32,451;0;34,211;0;34,675;0;34,532;0;27,607;0
114;07.09.2020 13:22:51;49,902;0;52,2;0;41,468;0;43,97;0;41,52;0;57,647;0;27,548;0;35,774;0;57,213;0;0,11019574;0;0,090826825;0;25,136;0;25,144;0;25,16;0;25,248;0;25,288;0;25,421;0;25,632;0;25,936;0;26,608;0;28,813;0;31,343;0;32,328;0;32,443;0;32,548;0;32,534;0;32,459;0;33,884;0;34,682;0;34,598;0;27,589;0
115;07.09.2020 13:22:56;49,912;0;52,18;0;41,435;0;43,942;0;41,591;0;57,816;0;27,564;0;35,764;0;58,672;0;0,11052865;0;0,090817725;0;25,16;0;25,128;0;25,174;0;25,297;0;25,339;0;25,434;0;25,642;0;25,966;0;26,636;0;28,876;0;31,363;0;32,322;0;32,441;0;32,539;0;32,544;0;32,463;0;33,735;0;34,538;0;34,431;0;27,56;0
116;07.09.2020 13:23:01;49,924;0;52,183;0;41,437;0;43,955;0;41,563;0;57,834;0;27,576;0;35,777;0;61,377;0;0,10879483;0;0,090995715;0;25,173;0;25,158;0;25,177;0;25,307;0;25,375;0;25,457;0;25,65;0;25,966;0;26,702;0;28,916;0;31,35;0;32,324;0;32,444;0;32,537;0;32,539;0;32,481;0;33,784;0;34,584;0;34,518;0;27,539;0
117;07.09.2020 13:23:06;49,901;0;52,156;0;41,425;0;43,943;0;41,687;0;57,708;0;27,563;0;35,759;0;63,346;0;0,10874562;0;0,090928965;0;25,17;0;25,171;0;25,225;0;25,284;0;25,37;0;25,478;0;25,668;0;25,968;0;26,758;0;28,962;0;31,358;0;32,329;0;32,441;0;32,542;0;32,537;0;32,478;0;33,776;0;34,656;0;34,742;0;27,761;0
118;07.09.2020 13:23:11;49,861;0;52,147;0;41,402;0;43,922;0;41,737;0;57,613;0;27,566;0;35,752;0;64,011;0;0,1126124;0;0,091104935;0;25,185;0;25,169;0;25,233;0;25,297;0;25,388;0;25,472;0;25,673;0;25,996;0;26,786;0;29,031;0;31,419;0;32,334;0;32,457;0;32,532;0;32,537;0;32,486;0;33,911;0;34,895;0;34,877;0;27,647;0
119;07.09.2020 13:23:16;49,859;0;52,124;0;41,377;0;43,906;0;41,78;0;57,396;0;27,588;0;35,734;0;62,283;0;0,11072731;0;0,091397205;0;25,167;0;25,199;0;25,259;0;25,317;0;25,406;0;25,48;0;25,701;0;25,996;0;26,837;0;29,156;0;31,526;0;32,347;0;32,444;0;32,537;0;32,542;0;32,506;0;34,498;0;34,875;0;34,773;0;27,845;0
120;07.09.2020 13:23:21;49,871;0;52,137;0;41,374;0;43,892;0;41,719;0;57,189;0;27,61;0;35,734;0;59,419;0;0,1099898;0;0,09096032;0;25,165;0;25,209;0;25,223;0;25,348;0;25,421;0;25,513;0;25,701;0;26,022;0;26,855;0;29,118;0;31,572;0;32,324;0;32,429;0;32,522;0;32,549;0;32,524;0;34,6;0;34,821;0;34,987;0;27,96;0
121;07.09.2020 13:23:26;49,841;0;52,11;0;41,365;0;43,868;0;41,787;0;57,152;0;27,623;0;35,73;0;59,874;0;0,10967814;0;0,090997735;0;25,185;0;25,241;0;25,239;0;25,31;0;25,426;0;25,526;0;25,703;0;26,046;0;26,898;0;29,081;0;31,573;0;32,33;0;32,407;0;32,515;0;32,537;0;32,513;0;34,468;0;35,016;0;35,085;0;27,816;0
122;07.09.2020 13:23:31;49,841;0;52,103;0;41,303;0;43,826;0;41,828;0;57,237;0;27,614;0;35,719;0;60,304;0;0,10906456;0;0,09101695;0;25,193;0;25,254;0;25,249;0;25,315;0;25,405;0;25,523;0;25,701;0;26,069;0;26,934;0;29,173;0;31,596;0;32,323;0;32,404;0;32,53;0;32,539;0;32,5;0;34,649;0;34,983;0;35,065;0;27,755;0
123;07.09.2020 13:23:36;49,811;0;52,071;0;41,297;0;43,827;0;41,828;0;57,567;0;27,654;0;35,7;0;63,136;0;0,11452605;0;0,091041225;0;25,198;0;25,225;0;25,215;0;25,328;0;25,434;0;25,59;0;25,706;0;26,114;0;26,962;0;29,202;0;31,6;0;32,337;0;32,39;0;32,529;0;32,516;0;32,509;0;34,656;0;35,053;0;35,331;0;27,932;0
124;07.09.2020 13:23:41;49,771;0;52,058;0;41,294;0;43,819;0;41,964;0;58,086;0;27,644;0;35,685;0;59,814;0;0,10959917;0;0,09127888;0;25,224;0;25,24;0;25,253;0;25,338;0;25,495;0;25,587;0;25,701;0;26,142;0;26,96;0;29,177;0;31,664;0;32,35;0;32,403;0;32,529;0;32,531;0;32,491;0;34,768;0;34,916;0;35,101;0;28,1;0
125;07.09.2020 13:23:46;49,783;0;52,058;0;41,274;0;43,809;0;42,014;0;58,568;0;27,67;0;35,68;0;57,346;0;0,11141561;0;0,091003805;0;25,241;0;25,266;0;25,281;0;25,389;0;25,492;0;25,59;0;25,757;0;26,139;0;26,962;0;29,279;0;31,699;0;32,329;0;32,413;0;32,539;0;32,537;0;32,527;0;34,714;0;35,152;0;35,217;0;28,055;0
126;07.09.2020 13:23:51;49,783;0;52,052;0;41,27;0;43,769;0;41,976;0;58,874;0;27,671;0;35,689;0;58,463;0;0,11298237;0;0,091002795;0;25,318;0;25,283;0;25,31;0;25,417;0;25,518;0;25,6;0;25,729;0;26,152;0;26,97;0;29,449;0;31,73;0;32,345;0;32,403;0;32,488;0;32,529;0;32,491;0;34,737;0;35,376;0;35,401;0;28,08;0
127;07.09.2020 13:23:56;49,788;0;52,029;0;41,268;0;43,795;0;42,158;0;59,009;0;27,699;0;35,661;0;59,396;0;0,11203831;0;0,09106145;0;25,28;0;25,266;0;25,292;0;25,391;0;25,523;0;25,608;0;25,772;0;26,185;0;27,001;0;29,475;0;31,725;0;32,345;0;32,396;0;32,506;0;32,537;0;32,499;0;34,676;0;35,353;0;35,358;0;27,779;0
128;07.09.2020 13:24:01;49,765;0;52,014;0;41,257;0;43,758;0;42,206;0;58,972;0;27,689;0;35,674;0;59,416;0;0,11036159;0;0,091010885;0;25,267;0;25,291;0;25,302;0;25,417;0;25,48;0;25,623;0;25,775;0;26,183;0;27,023;0;29,447;0;31,709;0;32,362;0;32,411;0;32,509;0;32,526;0;32,488;0;34,921;0;35,482;0;35,308;0;27,907;0
129;07.09.2020 13:24:06;49,773;0;52,027;0;41,22;0;43,768;0;42,226;0;59,044;0;27,702;0;35,656;0;60,996;0;0,11243926;0;0,091407315;0;25,308;0;25,329;0;25,376;0;25,453;0;25,513;0;25,628;0;25,801;0;26,213;0;27,049;0;29,472;0;31,771;0;32,35;0;32,424;0;32,511;0;32,549;0;32,499;0;35,046;0;35,474;0;35,346;0;27,833;0
130;07.09.2020 13:24:11;49,74;0;52,009;0;41,212;0;43,727;0;42,322;0;59,107;0;27,714;0;35,646;0;59,153;0;0,11356619;0;0,091096845;0;25,313;0;25,334;0;25,358;0;25,445;0;25,569;0;25,659;0;25,803;0;26,262;0;27,105;0;29,536;0;31,875;0;32,37;0;32,406;0;32,506;0;32,516;0;32,499;0;35,119;0;35,436;0;35,341;0;27,82;0
131;07.09.2020 13:24:16;49,743;0;51,989;0;41,202;0;43,725;0;42,266;0;58,979;0;27,712;0;35,641;0;59,158;0;0,11259782;0;0,09092189;0;25,315;0;25,337;0;25,378;0;25,488;0;25,548;0;25,679;0;25,823;0;26,297;0;27,118;0;29,556;0;31,916;0;32,37;0;32,401;0;32,494;0;32,534;0;32,524;0;35,104;0;35,595;0;35,492;0;27,922;0
132;07.09.2020 13:24:21;49,73;0;51,987;0;41,184;0;43,707;0;42,402;0;58,747;0;27,745;0;35,641;0;58,187;0;0,11332987;0;0,09096335;0;25,361;0;25,345;0;25,363;0;25,511;0;25,589;0;25,687;0;25,851;0;26,287;0;27,159;0;29,595;0;31,888;0;32,383;0;32,411;0;32,516;0;32,511;0;32,562;0;34,875;0;35,53;0;35,643;0;27,759;0
133;07.09.2020 13:24:26;49,733;0;51,984;0;41,169;0;43,71;0;42,352;0;58,515;0;27,714;0;35,606;0;59,878;0;0,11474779;0;0,091135275;0;25,354;0;25,375;0;25,366;0;25,501;0;25,599;0;25,694;0;25,851;0;26,305;0;27,233;0;29,661;0;31,847;0;32,362;0;32,411;0;32,483;0;32,509;0;32,598;0;34,73;0;35,615;0;35,714;0;28,039;0
134;07.09.2020 13:24:31;49,733;0;51,959;0;41,129;0;43,672;0;42,566;0;58,397;0;27,74;0;35,616;0;59,521;0;0,11280559;0;0,091237415;0;25,359;0;25,391;0;25,404;0;25,526;0;25,602;0;25,707;0;25,864;0;26,323;0;27,352;0;29,776;0;31,893;0;32,357;0;32,403;0;32,478;0;32,524;0;32,631;0;34,819;0;35,704;0;35,678;0;28,052;0
135;07.09.2020 13:24:36;49,703;0;51,972;0;41,139;0;43,647;0;42,496;0;58,405;0;27,765;0;35,608;0;60,05;0;0,11712558;0;0,09107864;0;25,384;0;25,408;0;25,419;0;25,537;0;25,617;0;25,71;0;25,882;0;26,343;0;27,345;0;29,862;0;31,888;0;32,355;0;32,413;0;32,486;0;32,524;0;32,667;0;34,768;0;35,842;0;35,867;0;28,057;0
136;07.09.2020 13:24:41;49,695;0;51,944;0;41,101;0;43,669;0;42,488;0;58,442;0;27,755;0;35,603;0;58,359;0;0,11450539;0;0,090747945;0;25,361;0;25,38;0;25,432;0;25,565;0;25,63;0;25,727;0;25,895;0;26,31;0;27,317;0;29,931;0;31,883;0;32,383;0;32,406;0;32,486;0;32,506;0;32,695;0;34,992;0;35,578;0;35,792;0;28,45;0
137;07.09.2020 13:24:46;49,716;0;51,964;0;41,104;0;43,668;0;42,637;0;58,388;0;27,776;0;35,596;0;59,397;0;0,1123615;0;0,09103819;0;25,394;0;25,388;0;25,465;0;25,583;0;25,658;0;25,753;0;25,9;0;26,305;0;27,307;0;30,003;0;31,888;0;32,36;0;32,403;0;32,491;0;32,514;0;32,698;0;35,25;0;35,943;0;35,933;0;28,381;0
138;07.09.2020 13:24:51;49,703;0;51,927;0;41,107;0;43,641;0;42,634;0;58,283;0;27,789;0;35,581;0;58,276;0;0,11731633;0;0,09108471;0;25,425;0;25,439;0;25,452;0;25,608;0;25,661;0;25,73;0;25,936;0;26,353;0;27,322;0;30,184;0;31,911;0;32,362;0;32,416;0;32,496;0;32,503;0;32,685;0;35,404;0;35,903;0;35,958;0;28,299;0
139;07.09.2020 13:24:56;49,718;0;51,919;0;41,076;0;43,632;0;42,604;0;58,193;0;27,791;0;35,576;0;59,648;0;0,11411294;0;0,090725695;0;25,42;0;25,436;0;25,488;0;25,628;0;25,668;0;25,748;0;25,959;0;26,43;0;27,322;0;30,191;0;31,913;0;32,373;0;32,421;0;32,506;0;32,503;0;32,677;0;34,926;0;35,832;0;36,135;0;28,483;0
140;07.09.2020 13:25:01;49,731;0;51,941;0;41,086;0;43,638;0;42,786;0;58,174;0;27,808;0;35,547;0;57,187;0;0,11308261;0;0,090819745;0;25,461;0;25,482;0;25,498;0;25,649;0;25,694;0;25,758;0;25,971;0;26,504;0;27,307;0;30,11;0;31,936;0;32,368;0;32,413;0;32,465;0;32,521;0;32,659;0;35,079;0;35,908;0;36,213;0;28,633;0
141;07.09.2020 13:25:06;49,749;0;51,931;0;41,078;0;43,631;0;42,735;0;58,227;0;27,823;0;35,544;0;57,996;0;0,11477209;0;0,09101392;0;25,453;0;25,48;0;25,536;0;25,618;0;25,724;0;25,771;0;25,982;0;26,539;0;27,317;0;30,069;0;31,998;0;32,368;0;32,429;0;32,504;0;32,503;0;32,641;0;35,19;0;35,986;0;36,25;0;28,167;0
142;07.09.2020 13:25:11;49,729;0;51,944;0;41,059;0;43,61;0;42,844;0;58,209;0;27,821;0;35,574;0;58,27;0;0,11535833;0;0,090988635;0;25,468;0;25,472;0;25,572;0;25,641;0;25,722;0;25,791;0;25,994;0;26,555;0;27,324;0;30,107;0;32,043;0;32,385;0;32,411;0;32,494;0;32,488;0;32,639;0;35,341;0;35,847;0;36,177;0;28,014;0
143;07.09.2020 13:25:16;49,755;0;51,961;0;41,075;0;43,623;0;42,875;0;58,178;0;27,848;0;35,571;0;58,618;0;0,11532492;0;0,091028075;0;25,491;0;25,494;0;25,576;0;25,674;0;25,74;0;25,801;0;25,987;0;26,571;0;27,368;0;30,137;0;32,05;0;32,389;0;32,43;0;32,482;0;32,488;0;32,678;0;35,198;0;36,176;0;36,232;0;28,097;0
144;07.09.2020 13:25:21;49,742;0;51,946;0;41,068;0;43,613;0;42,94;0;58,123;0;27,856;0;35,551;0;57,819;0;0,11667663;0;0,0909856;0;25,494;0;25,519;0;25,584;0;25,692;0;25,742;0;25,806;0;25,984;0;26,543;0;27,424;0;30,231;0;32,073;0;32,382;0;32,43;0;32,48;0;32,511;0;32,722;0;35,773;0;36,229;0;36,438;0;27,934;0
145;07.09.2020 13:25:26;49,722;0;51,918;0;41,056;0;43,586;0;42,884;0;58,06;0;27,871;0;35,542;0;59,728;0;0,11616206;0;0,090409155;0;25,514;0;25,538;0;25,613;0;25,685;0;25,76;0;25,809;0;26,002;0;26,552;0;27,488;0;30,275;0;32,051;0;32,39;0;32,424;0;32,473;0;32,475;0;32,715;0;35,825;0;36,17;0;36,417;0;27,998;0
146;07.09.2020 13:25:31;49,684;0;51,906;0;41,022;0;43,564;0;42,937;0;57,912;0;27,872;0;35,498;0;58,894;0;0,11639535;0;0,090928965;0;25,512;0;25,574;0;25,603;0;25,664;0;25,775;0;25,812;0;26,004;0;26,57;0;27,531;0;30,342;0;32,061;0;32,388;0;32,431;0;32,486;0;32,473;0;32,677;0;35,55;0;36,414;0;36,462;0;27,904;0
147;07.09.2020 13:25:36;49,699;0;51,903;0;41,033;0;43,568;0;43,056;0;57,735;0;27,883;0;35,514;0;63,146;0;0,11765107;0;0,090850085;0;25,56;0;25,605;0;25,567;0;25,697;0;25,778;0;25,827;0;26,033;0;26,613;0;27,561;0;30,316;0;32,02;0;32,408;0;32,424;0;32,473;0;32,478;0;32,654;0;35,56;0;36,356;0;36,303;0;27,986;0
148;07.09.2020 13:25:41;49,687;0;51,921;0;40,997;0;43,585;0;43,086;0;57,572;0;27,909;0;35,501;0;60,366;0;0,11396653;0;0,09099369;0;25,56;0;25,605;0;25,587;0;25,677;0;25,775;0;25,857;0;26,099;0;26,664;0;27,577;0;30,349;0;32,036;0;32,368;0;32,416;0;32,478;0;32,478;0;32,664;0;35,963;0;36,485;0;36,535;0;28,139;0
149;07.09.2020 13:25:46;49,723;0;51,93;0;41,024;0;43,579;0;43,021;0;57,502;0;27,926;0;35,505;0;61,357;0;0,11808179;0;0,091034145;0;25,591;0;25,612;0;25,61;0;25,697;0;25,788;0;25,855;0;26,129;0;26,736;0;27,595;0;30,479;0;32,046;0;32,383;0;32,416;0;32,486;0;32,491;0;32,675;0;36,061;0;36,518;0;36,442;0;27,927;0
150;07.09.2020 13:25:51;49,736;0;51,932;0;41,013;0;43,578;0;43,157;0;57,436;0;27,948;0;35,514;0;62,735;0;0,11575989;0;0,091126175;0;25,578;0;25,606;0;25,622;0;25,698;0;25,777;0;25,87;0;26,159;0;26,781;0;27,606;0;30,58;0;32,031;0;32,365;0;32,426;0;32,493;0;32,518;0;32,684;0;36,154;0;36,567;0;36,517;0;27,908;0
151;07.09.2020 13:25:56;49,744;0;51,917;0;40,99;0;43,566;0;43,082;0;57,371;0;27,955;0;35,526;0;61,214;0;0,11765836;0;0,090849075;0;25,59;0;25,617;0;25,607;0;25,684;0;25,787;0;25,888;0;26,169;0;26,795;0;27,6;0;30,615;0;32,071;0;32,393;0;32,432;0;32,497;0;32,518;0;32,693;0;36,211;0;36,614;0;36,853;0;27,95;0
152;07.09.2020 13:26:01;49,708;0;51,913;0;40,971;0;43,541;0;43,079;0;57,385;0;27,949;0;35,485;0;59,828;0;0,11679145;0;0,090920875;0;25,613;0;25,617;0;25,592;0;25,692;0;25,82;0;25,898;0;26,195;0;26,79;0;27,585;0;30,663;0;32,032;0;32,383;0;32,437;0;32,502;0;32,498;0;32,744;0;35,863;0;36,722;0;36,626;0;28,012;0
153;07.09.2020 13:26:06;49,68;0;51,885;0;40,955;0;43,529;0;43,17;0;57,597;0;27,956;0;35,486;0;59,246;0;0,11837461;0;0,09076716;0;25,613;0;25,627;0;25,612;0;25,728;0;25,825;0;25,911;0;26,207;0;26,787;0;27,587;0;30,722;0;32,045;0;32,401;0;32,437;0;32,497;0;32,49;0;32,915;0;36,044;0;36,76;0;36,516;0;28,162;0
154;07.09.2020 13:26:11;49,716;0;51,88;0;40,941;0;43,524;0;43,205;0;57,939;0;27,964;0;35,487;0;59,468;0;0,11829199;0;0,091073585;0;25,644;0;25,662;0;25,645;0;25,746;0;25,865;0;25,934;0;26,219;0;26,793;0;27,567;0;30,698;0;32,06;0;32,382;0;32,415;0;32,477;0;32,496;0;32,997;0;36,353;0;36,809;0;36,756;0;28,375;0
155;07.09.2020 13:26:16;49,686;0;51,887;0;40,922;0;43,523;0;43,324;0;58,238;0;27,978;0;35,463;0;58,876;0;0,12149173;0;0,09111505;0;25,646;0;25,659;0;25,634;0;25,76;0;25,843;0;25,914;0;26,24;0;26,865;0;27,629;0;30,718;0;32,067;0;32,391;0;32,409;0;32,508;0;32,495;0;32,99;0;35,985;0;36,91;0;36,708;0;28,242;0
156;07.09.2020 13:26:21;49,694;0;51,882;0;40,915;0;43,505;0;43,349;0;58,56;0;28,004;0;35,476;0;60,159;0;0,11910483;0;0,091005825;0;25,638;0;25,628;0;25,668;0;25,758;0;25,775;0;25,929;0;26,239;0;26,954;0;27,706;0;30,763;0;32,085;0;32,418;0;32,443;0;32,508;0;32,52;0;32,906;0;36,421;0;36,973;0;36,958;0;28,051;0
157;07.09.2020 13:26:26;49,706;0;51,864;0;40,905;0;43,485;0;43,294;0;58,794;0;28,001;0;35,466;0;60,779;0;0,11632852;0;0,0910301;0;25,656;0;25,633;0;25,664;0;25,786;0;25,796;0;25,931;0;26,255;0;27,031;0;27,738;0;30,833;0;32,112;0;32,414;0;32,44;0;32,491;0;32,527;0;32,945;0;36,578;0;36,961;0;37,102;0;27,996;0
158;07.09.2020 13:26:31;49,676;0;51,864;0;40,869;0;43,48;0;43,304;0;58,924;0;28,024;0;35,451;0;58,773;0;0,11518155;0;0,090834915;0;25,638;0;25,662;0;25,651;0;25,777;0;25,822;0;25,939;0;26,242;0;27,029;0;27,762;0;30,864;0;32,123;0;32,408;0;32,423;0;32,51;0;32,536;0;32,959;0;36,753;0;36,907;0;37,058;0;28,119;0
159;07.09.2020 13:26:36;49,671;0;51,869;0;40,854;0;43,45;0;43,339;0;58,877;0;28,037;0;35,428;0;58,149;0;0,11743298;0;0,0910392;0;25,643;0;25,675;0;25,668;0;25,809;0;25,866;0;25,962;0;26,26;0;27,052;0;27,8;0;30,906;0;32,117;0;32,426;0;32,459;0;32,523;0;32,56;0;32,992;0;36,35;0;37,025;0;37,091;0;28,15;0
160;07.09.2020 13:26:41;49,674;0;51,849;0;40,842;0;43,457;0;43,417;0;58,802;0;28,022;0;35,425;0;58,394;0;0,11841714;0;0,090757045;0;25,658;0;25,688;0;25,668;0;25,837;0;25,894;0;25,959;0;26,285;0;27,07;0;27,839;0;30,97;0;32,104;0;32,439;0;32,472;0;32,536;0;32,532;0;33,158;0;36,453;0;37,162;0;37,149;0;28,247;0
161;07.09.2020 13:26:46;49,641;0;51,864;0;40,834;0;43,435;0;43,445;0;58,682;0;28,024;0;35,41;0;59,332;0;0,11830293;0;0,091044255;0;25,678;0;25,685;0;25,697;0;25,833;0;25,899;0;25,977;0;26,318;0;27,098;0;27,857;0;30,961;0;32,105;0;32,411;0;32,449;0;32,5;0;32,534;0;33,224;0;36,317;0;37,134;0;37,166;0;28,351;0
162;07.09.2020 13:26:51;49,656;0;51,834;0;40,834;0;43,412;0;43,404;0;58,63;0;28,06;0;35,413;0;59,472;0;0,11626169;0;0,09120202;0;25,701;0;25,721;0;25,736;0;25,851;0;25,891;0;25,995;0;26,295;0;27,16;0;27,941;0;30,999;0;32,108;0;32,423;0;32,451;0;32,51;0;32,562;0;33,219;0;36,315;0;37,055;0;37,247;0;28,351;0
163;07.09.2020 13:26:56;49,646;0;51,834;0;40,774;0;43,417;0;43,523;0;58,62;0;28,063;0;35,413;0;58,658;0;0,11716871;0;0,0906994;0;25,706;0;25,728;0;25,755;0;25,819;0;25,878;0;26,01;0;26,321;0;27,218;0;27,987;0;31,046;0;32,114;0;32,418;0;32,459;0;32,53;0;32,529;0;33,163;0;36,947;0;36,925;0;37,378;0;27,951;0
164;07.09.2020 13:27:01;49,641;0;51,827;0;40,771;0;43,387;0;43,475;0;58,602;0;28,096;0;35,4;0;59,822;0;0,11868991;0;0,09080862;0;25,717;0;25,711;0;25,79;0;25,883;0;25,868;0;26,044;0;26,357;0;27,256;0;28,032;0;31,115;0;32,127;0;32,424;0;32,464;0;32,518;0;32,539;0;33,112;0;36,894;0;37,184;0;37,144;0;28,275;0
165;07.09.2020 13:27:06;49,629;0;51,797;0;40,748;0;43,387;0;43,546;0;58,497;0;28,078;0;35,373;0;59,957;0;0,11915526;0;0,09101695;0;25,714;0;25,721;0;25,793;0;25,88;0;25,906;0;26,044;0;26,341;0;27,259;0;28,03;0;31,186;0;32,122;0;32,424;0;32,464;0;32,541;0;32,524;0;33,114;0;36,945;0;37,305;0;37,358;0;28,321;0
166;07.09.2020 13:27:11;49,606;0;51,8;0;40,746;0;43,379;0;43,619;0;58,355;0;28,065;0;35,385;0;57,817;0;0,11675014;0;0,09089964;0;25,737;0;25,746;0;25,821;0;25,88;0;25,945;0;26,051;0;26,354;0;27,292;0;28,086;0;31,24;0;32,127;0;32,434;0;32,459;0;32,536;0;32,532;0;33,158;0;36,781;0;37,431;0;37,26;0;28,188;0
167;07.09.2020 13:27:16;49,601;0;51,81;0;40,726;0;43,372;0;43,528;0;58,24;0;28,098;0;35,367;0;59,74;0;0,12112297;0;0,09095223;0;25,755;0;25,767;0;25,821;0;25,906;0;25,973;0;26,064;0;26,372;0;27,249;0;28,145;0;31,23;0;32,142;0;32,429;0;32,457;0;32,541;0;32,562;0;33,352;0;36,695;0;37,411;0;37,734;0;28,283;0
168;07.09.2020 13:27:21;49,594;0;51,782;0;40,713;0;43,352;0;43,636;0;58,22;0;28,101;0;35,347;0;59,782;0;0,11752714;0;0,09097852;0;25,75;0;25,787;0;25,824;0;25,926;0;25,955;0;26,092;0;26,42;0;27,282;0;28,173;0;31,194;0;32,142;0;32,416;0;32,474;0;32,52;0;32,567;0;33,479;0;37,303;0;37,56;0;37,499;0;28,168;0
169;07.09.2020 13:27:26;49,609;0;51,767;0;40,675;0;43,352;0;43,682;0;58,153;0;28,126;0;35,37;0;59,747;0;0,12063818;0;0,09085211;0;25,752;0;25,787;0;25,826;0;25,893;0;25,973;0;26,077;0;26,487;0;27,272;0;28,17;0;31,191;0;32,153;0;32,429;0;32,469;0;32,525;0;32,56;0;33,397;0;37,26;0;37,509;0;37,587;0;28,14;0
170;07.09.2020 13:27:31;49,599;0;51,762;0;40,67;0;43,341;0;43,604;0;58,135;0;28,126;0;35,34;0;58,843;0;0,12000455;0;0,09122427;0;25,765;0;25,805;0;25,813;0;25,908;0;25,991;0;26,135;0;26,54;0;27,312;0;28,188;0;31,245;0;32,165;0;32,429;0;32,472;0;32,52;0;32,547;0;33,272;0;37,121;0;37,529;0;37,459;0;28,122;0
171;07.09.2020 13:27:36;49,594;0;51,755;0;40,663;0;43,311;0;43,717;0;58,175;0;28,134;0;35,322;0;60,254;0;0,11900885;0;0,091137295;0;25,778;0;25,843;0;25,813;0;25,972;0;26,001;0;26,156;0;26,571;0;27,333;0;28,17;0;31,299;0;32,158;0;32,413;0;32,444;0;32,533;0;32,549;0;33,267;0;37,33;0;37,59;0;37,519;0;28,038;0
172;07.09.2020 13:27:41;49,599;0;51,755;0;40,622;0;43,321;0;43,672;0;58,188;0;28,159;0;35,332;0;59,063;0;0,1179688;0;0,09096133;0;25,796;0;25,848;0;25,839;0;25,969;0;26,024;0;26,156;0;26,609;0;27,369;0;28,254;0;31,36;0;32,168;0;32,411;0;32,446;0;32,528;0;32,547;0;33,29;0;37,366;0;37,55;0;37,744;0;27,9;0
173;07.09.2020 13:27:46;49,586;0;51,747;0;40,62;0;43,311;0;43,82;0;58,13;0;28,167;0;35,322;0;57,277;0;0,11853621;0;0,09088649;0;25,785;0;25,833;0;25,854;0;25,985;0;26,052;0;26,158;0;26,583;0;27,351;0;28,395;0;31,372;0;32,173;0;32,418;0;32,467;0;32,528;0;32,57;0;33,349;0;37,036;0;37,837;0;37,716;0;28,071;0
174;07.09.2020 13:27:51;49,566;0;51,73;0;40,628;0;43,289;0;43,772;0;58,115;0;28,159;0;35,317;0;57,527;0;0,11637105;0;0,09094515;0;25,775;0;25,83;0;25,872;0;26,003;0;25,993;0;26,163;0;26,586;0;27,389;0;28,499;0;31,413;0;32,178;0;32,421;0;32,459;0;32,533;0;32,575;0;33,464;0;37,31;0;37,771;0;37,844;0;28,275;0
175;07.09.2020 13:27:56;49,566;0;51,742;0;40,585;0;43,266;0;43,654;0;58,145;0;28,162;0;35,299;0;59,158;0;0,11723675;0;0,0908693;0;25,818;0;25,825;0;25,887;0;26,033;0;25,993;0;26,186;0;26,568;0;27,417;0;28,537;0;31,449;0;32,178;0;32,416;0;32,472;0;32,523;0;32,58;0;33,609;0;37,487;0;37,703;0;37,971;0;28,423;0
176;07.09.2020 13:28:01;49,564;0;51,737;0;40,559;0;43,253;0;43,719;0;58,183;0;28,177;0;35,294;0;57,777;0;0,11620337;0;0,09088447;0;25,829;0;25,856;0;25,9;0;25,985;0;25,983;0;26,204;0;26,578;0;27,476;0;28,525;0;31,464;0;32,186;0;32,413;0;32,464;0;32,53;0;32,59;0;33,604;0;37,361;0;37,933;0;37,686;0;28,724;0
177;07.09.2020 13:28:06;49,536;0;51,702;0;40,559;0;43,251;0;43,755;0;58,205;0;28,187;0;35,272;0;60,209;0;0,11779748;0;0,09119191;0;25,857;0;25,879;0;25,925;0;26,026;0;26,052;0;26,212;0;26,614;0;27,542;0;28,527;0;31,52;0;32,155;0;32,411;0;32,464;0;32,53;0;32,603;0;33,584;0;37,562;0;37,683;0;37,837;0;28,507;0
178;07.09.2020 13:28:11;49,529;0;51,697;0;40,539;0;43,213;0;43,848;0;58,18;0;28,187;0;35,264;0;58,201;0;0,1183497;0;0,09066704;0;25,862;0;25,886;0;25,933;0;26,005;0;26,103;0;26,227;0;26,668;0;27,542;0;28,57;0;31,546;0;32,165;0;32,411;0;32,452;0;32,53;0;32,6;0;33,652;0;37,497;0;37,842;0;38,129;0;28,288;0
179;07.09.2020 13:28:16;49,501;0;51,712;0;40,519;0;43,223;0;43,702;0;58,113;0;28,213;0;35,269;0;60,601;0;0,11729993;0;0,09100987;0;25,872;0;25,917;0;25,961;0;26,056;0;26,136;0;26,26;0;26,703;0;27,537;0;28,573;0;31,566;0;32,153;0;32,393;0;32,452;0;32,536;0;32,621;0;33,759;0;37,701;0;37,95;0;38,079;0;28,283;0
180;07.09.2020 13:28:21;49,514;0;51,687;0;40,512;0;43,195;0;43,775;0;57,953;0;28,218;0;35,249;0;61,711;0;0,11741536;0;0,090995715;0;25,864;0;25,922;0;25,966;0;26,084;0;26,164;0;26,27;0;26,726;0;27,537;0;28,553;0;31,556;0;32,15;0;32,403;0;32,449;0;32,515;0;32,628;0;33,821;0;37,708;0;37,94;0;38,006;0;28,405;0
181;07.09.2020 13:28:26;49,509;0;51,68;0;40,504;0;43,205;0;43,871;0;57,798;0;28,238;0;35,241;0;62,002;0;0,11700833;0;0,090957285;0;25,892;0;25,907;0;25,979;0;26,084;0;26,184;0;26,301;0;26,736;0;27,545;0;28,563;0;31,594;0;32,153;0;32,411;0;32,459;0;32,518;0;32,644;0;33,943;0;37,713;0;37,95;0;38,056;0;28,382;0
182;07.09.2020 13:28:31;49,521;0;51,66;0;40,514;0;43,195;0;43,84;0;57,741;0;28,246;0;35,231;0;60,284;0;0,11658733;0;0,09118382;0;25,918;0;25,935;0;25,984;0;26,097;0;26,194;0;26,319;0;26,752;0;27,557;0;28,616;0;31,602;0;32,165;0;32,421;0;32,434;0;32,52;0;32,606;0;33,897;0;37,867;0;38,051;0;38,149;0;28,278;0
183;07.09.2020 13:28:36;49,499;0;51,672;0;40,489;0;43,18;0;43,984;0;57,701;0;28,249;0;35,229;0;59,402;0;0,11881991;0;0,090858175;0;25,908;0;25,966;0;26,024;0;26,127;0;26,207;0;26,334;0;26,79;0;27,634;0;28,675;0;31,626;0;32,174;0;32,401;0;32,457;0;32,528;0;32,623;0;33,754;0;37,862;0;38,023;0;38,147;0;28,316;0
184;07.09.2020 13:28:41;49,494;0;51,647;0;40,464;0;43,17;0;43,946;0;57,703;0;28,254;0;35,236;0;59,028;0;0,11734914;0;0,09082177;0;25,974;0;25,989;0;26,034;0;26,137;0;26,215;0;26,355;0;26,844;0;27,703;0;28,716;0;31,67;0;32,192;0;32,421;0;32,464;0;32,515;0;32,613;0;33,854;0;37,91;0;38,079;0;37,968;0;28,456;0
185;07.09.2020 13:28:46;49,484;0;51,65;0;40,446;0;43,14;0;43,924;0;57,768;0;28,259;0;35,206;0;59,143;0;0,11587593;0;0,090603325;0;25,918;0;25,963;0;26,043;0;26,138;0;26,217;0;26,349;0;26,866;0;27,708;0;28,795;0;31,671;0;32,186;0;32,418;0;32,444;0;32,502;0;32,631;0;34,002;0;37,963;0;38,018;0;38,23;0;28,499;0
186;07.09.2020 13:28:51;49,466;0;51,655;0;40,449;0;43,163;0;43,873;0;57,933;0;28,282;0;35,209;0;58,768;0;0,11682183;0;0,09080053;0;25,939;0;26,019;0;26,075;0;26,152;0;26,251;0;26,375;0;26,887;0;27,718;0;28,8;0;31,67;0;32,223;0;32,418;0;32,467;0;32,53;0;32,631;0;34,022;0;38,104;0;38,399;0;38,195;0;28,627;0
187;07.09.2020 13:28:56;49,474;0;51,637;0;40,436;0;43,13;0;43,964;0;58,255;0;28,297;0;35,216;0;57,764;0;0,11872575;0;0,091020995;0;25,972;0;26,007;0;26,08;0;26,155;0;26,271;0;26,401;0;26,905;0;27,726;0;28,805;0;31,677;0;32,187;0;32,429;0;32,449;0;32,515;0;32,657;0;34,19;0;38,152;0;38,321;0;38,522;0;28,512;0
188;07.09.2020 13:29:01;49,469;0;51,63;0;40,428;0;43,112;0;44,065;0;58,51;0;28,277;0;35,186;0;59,003;0;0,12081861;0;0,09084503;0;26,005;0;26,026;0;26,093;0;26,194;0;26,296;0;26,442;0;26,926;0;27,73;0;28,875;0;31,746;0;32,191;0;32,415;0;32,453;0;32,517;0;32,676;0;34,281;0;38,03;0;38,211;0;38,569;0;28,279;0
189;07.09.2020 13:29:06;49,471;0;51,622;0;40,411;0;43,12;0;43,982;0;58,615;0;28,292;0;35,171;0;58,556;0;0,11902768;0;0,090626585;0;25,993;0;26,047;0;26,096;0;26,202;0;26,319;0;26,437;0;26,961;0;27,768;0;28,888;0;31,79;0;32,206;0;32,417;0;32,463;0;32,514;0;32,688;0;34,243;0;38,136;0;38,38;0;38,524;0;28,503;0
190;07.09.2020 13:29:11;49,439;0;51,61;0;40,391;0;43,089;0;43,929;0;58,62;0;28,328;0;35,168;0;58,856;0;0,11714684;0;0,09031308;0;26,026;0;26,078;0;26,092;0;26,243;0;26,355;0;26,452;0;26,997;0;27,868;0;28,828;0;31,76;0;32,218;0;32,431;0;32,447;0;32,545;0;32,668;0;34,286;0;38,181;0;38,433;0;38,32;0;28,702;0
191;07.09.2020 13:29:16;49,444;0;51,585;0;40,391;0;43,074;0;44,017;0;58,542;0;28,33;0;35,161;0;61,88;0;0,11634978;0;0,09085211;0;26,065;0;26,084;0;26,117;0;26,275;0;26,286;0;26,488;0;27,029;0;27,935;0;28,858;0;31,759;0;32,217;0;32,429;0;32,457;0;32,51;0;32,678;0;34,359;0;38,349;0;38,417;0;38,513;0;28,444;0
192;07.09.2020 13:29:21;49,441;0;51,612;0;40,383;0;43,074;0;44,125;0;58,422;0;28,348;0;35,158;0;60,416;0;0,11947724;0;0,090997735;0;26,088;0;26,141;0;26,139;0;26,305;0;26,354;0;26,496;0;27,052;0;28,004;0;29,024;0;31,789;0;32,209;0;32,428;0;32,446;0;32,515;0;32,698;0;34,372;0;38,359;0;38,601;0;38,613;0;28,599;0
193;07.09.2020 13:29:26;49,421;0;51,587;0;40,333;0;43,077;0;44,113;0;58,258;0;28,353;0;35,138;0;60,114;0;0,11821666;0;0,090763115;0;26,122;0;26,153;0;26,168;0;26,34;0;26,405;0;26,501;0;27,086;0;28,003;0;29,023;0;31,77;0;32,223;0;32,425;0;32,456;0;32,545;0;32,687;0;34,421;0;38,443;0;38,395;0;38,653;0;28,69;0
194;07.09.2020 13:29:31;49,436;0;51,56;0;40,323;0;43,074;0;44,208;0;58,103;0;28,374;0;35,123;0;60,314;0;0,11859027;0;0,091034145;0;26,147;0;26,158;0;26,163;0;26,35;0;26,418;0;26,519;0;27,093;0;28,001;0;28,977;0;31,785;0;32,239;0;32,453;0;32,471;0;32,535;0;32,698;0;34,615;0;38,466;0;38,574;0;38,794;0;28,756;0
195;07.09.2020 13:29:36;49,404;0;51,555;0;40,325;0;43,021;0;44,138;0;57,97;0;28,384;0;35,11;0;61,197;0;0,11863705;0;0,091266745;0;26,142;0;26,176;0;26,212;0;26,355;0;26,441;0;26,522;0;27,106;0;28,008;0;29,132;0;31,861;0;32,236;0;32,42;0;32,474;0;32,504;0;32,705;0;34,834;0;38,37;0;38,814;0;38,547;0;28,759;0
196;07.09.2020 13:29:41;49,376;0;51,567;0;40,32;0;43,044;0;44,148;0;57,871;0;28,389;0;35,09;0;56,965;0;0,11868505;0;0,09073884;0;26,178;0;26,186;0;26,291;0;26,364;0;26,478;0;26,555;0;27,113;0;28,09;0;29,238;0;31,925;0;32,248;0;32,452;0;32,444;0;32,522;0;32,714;0;34,868;0;38,625;0;38,675;0;38,403;0;28,608;0
197;07.09.2020 13:29:46;49,406;0;51,552;0;40,3;0;43,034;0;44,065;0;57,923;0;28,366;0;35,11;0;59,15;0;0,11666691;0;0,090844015;0;26,183;0;26,217;0;26,307;0;26,39;0;26,488;0;26,578;0;27,133;0;28,118;0;29,246;0;31,941;0;32,263;0;32,416;0;32,47;0;32,53;0;32,701;0;34,804;0;38,547;0;38,683;0;38,809;0;28,445;0
198;07.09.2020 13:29:51;49,386;0;51,53;0;40,272;0;43,024;0;44,057;0;58,05;0;28,397;0;35,095;0;58,181;0;0,11994501;0;0,09077525;0;26,188;0;26,237;0;26,319;0;26,368;0;26,502;0;26,608;0;27,134;0;28,12;0;29,221;0;31,933;0;32,269;0;32,423;0;32,476;0;32,517;0;32,731;0;34,845;0;38,587;0;38,708;0;38,751;0;28,56;0
199;07.09.2020 13:29:56;49,381;0;51,535;0;40,262;0;42,999;0;44,087;0;58,183;0;28,409;0;35,078;0;60,014;0;0,11923484;0;0,09065187;0;26,191;0;26,242;0;26,291;0;26,368;0;26,459;0;26,613;0;27,19;0;28,189;0;29,318;0;31,915;0;32,257;0;32,428;0;32,451;0;32,519;0;32,726;0;34,814;0;38,665;0;38,819;0;38,814;0;28,677;0
200;07.09.2020 13:30:01;49,349;0;51,519;0;40,261;0;42,975;0;44,108;0;58,314;0;28,441;0;35,084;0;61,693;0;0,11745242;0;0,09052343;0;26,24;0;26,275;0;26,291;0;26,431;0;26,519;0;26,626;0;27,248;0;28,207;0;29,432;0;31,923;0;32,266;0;32,434;0;32,462;0;32,535;0;32,74;0;34,748;0;38,773;0;38,932;0;38,693;0;28,733;0
201;07.09.2020 13:30:06;49,369;0;51,501;0;40,254;0;42,96;0;44,168;0;58,404;0;28,451;0;35,073;0;60,171;0;0,11567727;0;0,090588155;0;26,288;0;26,313;0;26,326;0;26,436;0;26,542;0;26,655;0;27,286;0;28,227;0;29,521;0;31,96;0;32,254;0;32,433;0;32,456;0;32,528;0;32,75;0;34,877;0;38,722;0;38,581;0;39,057;0;28,949;0
202;07.09.2020 13:30:11;49,339;0;51,508;0;40,217;0;42,952;0;44,186;0;58,389;0;28,436;0;35,058;0;59,644;0;0,11582854;0;0,090409155;0;26,304;0;26,305;0;26,339;0;26,472;0;26,583;0;26,66;0;27,299;0;28,242;0;29,493;0;31,947;0;32,264;0;32,428;0;32,458;0;32,554;0;32,791;0;34,968;0;38,704;0;38,946;0;38,689;0;28,755;0
203;07.09.2020 13:30:16;49,356;0;51,487;0;40,214;0;42,943;0;44,254;0;58,25;0;28,46;0;35,022;0;60,069;0;0,11893352;0;0,09077525;0;26,278;0;26,33;0;26,387;0;26,494;0;26,601;0;26,662;0;27,329;0;28,265;0;29,447;0;31,95;0;32,257;0;32,443;0;32,474;0;32,521;0;32,796;0;35,009;0;38,83;0;38,992;0;38,987;0;28,699;0
204;07.09.2020 13:30:21;49,334;0;51,494;0;40,213;0;42,939;0;44,186;0;58,102;0;28,449;0;35,005;0;60,56;0;0,11666691;0;0,090735805;0;26,288;0;26,333;0;26,395;0;26,5;0;26,562;0;26,685;0;27,375;0;28,323;0;29,506;0;31,96;0;32,247;0;32,448;0;32,469;0;32,523;0;32,829;0;35,05;0;38,762;0;39,072;0;38,878;0;28,543;0
205;07.09.2020 13:30:26;49,318;0;51,472;0;40,196;0;42,925;0;44,211;0;58,022;0;28,468;0;35,032;0;59,151;0;0,11858724;0;0,090618495;0;26,299;0;26,315;0;26,397;0;26,497;0;26,555;0;26,703;0;27,38;0;28,408;0;29,611;0;32,001;0;32,254;0;32,441;0;32,471;0;32,523;0;32,877;0;34,999;0;38,813;0;39,027;0;39,05;0;28,717;0
206;07.09.2020 13:30:31;49,308;0;51,46;0;40,156;0;42,918;0;44,221;0;58,064;0;28,489;0;35,002;0;57,385;0;0,11808908;0;0,090865255;0;26,329;0;26,353;0;26,413;0;26,53;0;26,613;0;26,711;0;27,419;0;28,4;0;29,623;0;31,978;0;32,262;0;32,453;0;32,469;0;32,518;0;32,862;0;34,999;0;38,677;0;39,085;0;39,05;0;28,905;0
207;07.09.2020 13:30:36;49,316;0;51,458;0;40,154;0;42,914;0;44,289;0;58,234;0;28,487;0;34,999;0;59,481;0;0,11898151;0;0,0908066;0;26,347;0;26,397;0;26,423;0;26,528;0;26,613;0;26,741;0;27,472;0;28,443;0;29,583;0;32,006;0;32,259;0;32,453;0;32,446;0;32,526;0;32,88;0;35,252;0;38,782;0;39,163;0;39,123;0;28,569;0
208;07.09.2020 13:30:41;49,283;0;51,439;0;40,127;0;42,869;0;44,397;0;58,355;0;28,494;0;34,99;0;59,224;0;0,11826769;0;0,09050725;0;26,362;0;26,41;0;26,446;0;26,548;0;26,636;0;26,736;0;27,462;0;28,431;0;29,639;0;31,998;0;32,275;0;32,448;0;32,469;0;32,546;0;32,923;0;35,373;0;39,007;0;39,09;0;39,226;0;28,699;0
209;07.09.2020 13:30:46;49,265;0;51,425;0;40,119;0;42,873;0;44,314;0;58,388;0;28,533;0;35,011;0;59,753;0;0,11634978;0;0,09087739;0;26,38;0;26,455;0;26,436;0;26,543;0;26,659;0;26,774;0;27,488;0;28,443;0;29,743;0;31,993;0;32,262;0;32,425;0;32,474;0;32,544;0;32,916;0;35,36;0;38,961;0;39,15;0;39,324;0;29,061;0
210;07.09.2020 13:30:51;49,255;0;51,388;0;40,096;0;42,848;0;44,234;0;58,478;0;28,518;0;34,988;0;57,733;0;0,11919839;0;0,090748955;0;26,411;0;26,41;0;26,466;0;26,573;0;26,667;0;26,78;0;27,498;0;28,469;0;29,746;0;31,988;0;32,27;0;32,418;0;32,456;0;32,531;0;32,888;0;35,479;0;39,017;0;39,158;0;39,322;0;28,91;0
211;07.09.2020 13:30:56;49,263;0;51,418;0;40,106;0;42,843;0;44,407;0;58,503;0;28,543;0;34,975;0;57,68;0;0,12013031;0;0,090410165;0;26,396;0;26,412;0;26,479;0;26,594;0;26,69;0;26,795;0;27,531;0;28,55;0;29,794;0;31,993;0;32,287;0;32,436;0;32,453;0;32,536;0;32,903;0;35,698;0;38,729;0;39,274;0;39,342;0;28,681;0
212;07.09.2020 13:31:01;49,245;0;51,4;0;40,071;0;42,843;0;44,297;0;58,405;0;28,556;0;34,988;0;60,252;0;0,11825311;0;0,090554785;0;26,426;0;26,43;0;26,492;0;26,604;0;26,754;0;26,805;0;27,551;0;28,599;0;29,983;0;32,006;0;32,277;0;32,433;0;32,458;0;32,513;0;32,931;0;35,748;0;38,818;0;39,274;0;39,342;0;28,791;0
213;07.09.2020 13:31:06;49,233;0;51,394;0;40,05;0;42,821;0;44,324;0;58,264;0;28,558;0;34,964;0;60,713;0;0,11905502;0;0,09066097;0;26,431;0;26,453;0;26,499;0;26,609;0;26,723;0;26,815;0;27,569;0;28,614;0;29,97;0;32,024;0;32,27;0;32,464;0;32,464;0;32,546;0;32,941;0;35,743;0;39,095;0;39,191;0;39,342;0;28,926;0
214;07.09.2020 13:31:11;49,215;0;51,366;0;40,009;0;42,804;0;44,312;0;58,167;0;28,552;0;34,949;0;60,196;0;0,1182276;0;0,09060636;0;26,436;0;26,471;0;26,515;0;26,599;0;26,738;0;26,859;0;27,587;0;28,629;0;29,919;0;32,052;0;32,275;0;32,441;0;32,464;0;32,574;0;32,99;0;35,695;0;39,173;0;39,171;0;39,302;0;28,655;0
215;07.09.2020 13:31:16;49,208;0;51,359;0;40,032;0;42,809;0;44,312;0;58,084;0;28,56;0;34,949;0;60,643;0;0,11713287;0;0,09069839;0;26,477;0;26,483;0;26,561;0;26,665;0;26,713;0;26,866;0;27,607;0;28,652;0;29,975;0;32,047;0;32,275;0;32,471;0;32,466;0;32,521;0;33,038;0;35,695;0;39,201;0;39,455;0;39,46;0;28,951;0
216;07.09.2020 13:31:21;49,2;0;51,364;0;40,022;0;42,779;0;44,448;0;58,042;0;28,588;0;34,951;0;61,679;0;0,11743541;0;0,090964365;0;26,462;0;26,494;0;26,591;0;26,696;0;26,746;0;26,91;0;27,648;0;28,68;0;30,075;0;32,024;0;32,287;0;32,438;0;32,474;0;32,536;0;33,046;0;35,758;0;39,284;0;39,256;0;39,173;0;29,153;0
217;07.09.2020 13:31:26;49,188;0;51,341;0;40,022;0;42,771;0;44,465;0;57,895;0;28,614;0;34,954;0;61,507;0;0,12031499;0;0,090618495;0;26,482;0;26,522;0;26,619;0;26,691;0;26,792;0;26,927;0;27,661;0;28,724;0;30,057;0;32,072;0;32,282;0;32,43;0;32,484;0;32,539;0;33,081;0;35,693;0;39,188;0;39,354;0;39,39;0;28,895;0
218;07.09.2020 13:31:31;49,198;0;51,334;0;39,986;0;42,789;0;44,329;0;57,785;0;28,616;0;34,933;0;62,124;0;0,11718572;0;0,09089256;0;26,492;0;26,534;0;26,629;0;26,678;0;26,833;0;26,927;0;27,663;0;28,775;0;30,284;0;32,075;0;32,272;0;32,456;0;32,469;0;32,533;0;33,099;0;35,819;0;39,339;0;39,473;0;39,337;0;28,694;0
219;07.09.2020 13:31:36;49,175;0;51,334;0;39,971;0;42,751;0;44,465;0;57,875;0;28,626;0;34,938;0;59,307;0;0,11815166;0;0,09080559;0;26,51;0;26,58;0;26,604;0;26,721;0;26,843;0;26,986;0;27,692;0;28,79;0;30,447;0;32,077;0;32,28;0;32,441;0;32,466;0;32,526;0;33,137;0;35,927;0;39,314;0;39,48;0;39,213;0;28,694;0
220;07.09.2020 13:31:41;49,163;0;51,316;0;39,961;0;42,721;0;44,397;0;57,94;0;28,629;0;34,903;0;56,371;0;0,11595855;0;0,09068221;0;26,523;0;26,573;0;26,586;0;26,744;0;26,879;0;26,978;0;27,712;0;28,808;0;30,355;0;32,047;0;32,293;0;32,448;0;32,464;0;32,546;0;33,204;0;36,04;0;39,445;0;39,581;0;39,639;0;28,803;0
221;07.09.2020 13:31:46;49,168;0;51,311;0;39,944;0;42,723;0;44,286;0;58,057;0;28,652;0;34,895;0;56,516;0;0,11985936;0;0,0904759;0;26,546;0;26,601;0;26,617;0;26,772;0;26,886;0;27,001;0;27,76;0;28,8;0;30,312;0;32,057;0;32,28;0;32,436;0;32,464;0;32,546;0;33,194;0;36,166;0;39,506;0;39,493;0;39,743;0;28,673;0
222;07.09.2020 13:31:51;49,178;0;51,316;0;39,941;0;42,733;0;44,407;0;58,234;0;28,644;0;34,867;0;56,591;0;0,11981744;0;0,090704455;0;26,559;0;26,593;0;26,624;0;26,77;0;26,784;0;26,976;0;27,837;0;28,854;0;30,506;0;32,054;0;32,282;0;32,461;0;32,443;0;32,541;0;33,224;0;36,235;0;39,48;0;39,692;0;39,516;0;28,793;0
223;07.09.2020 13:31:56;49,15;0;51,299;0;39,911;0;42,716;0;44,478;0;58,491;0;28,675;0;34,872;0;56,191;0;0,11834302;0;0,09072367;0;26,577;0;26,619;0;26,637;0;26,793;0;26,873;0;27,042;0;27,911;0;28,905;0;30,562;0;32,057;0;32,277;0;32,448;0;32,436;0;32,551;0;33,232;0;36,197;0;39,465;0;39,584;0;39,642;0;28,569;0
224;07.09.2020 13:32:01;49,168;0;51,309;0;39,906;0;42,713;0;44,397;0;58,711;0;28,685;0;34,89;0;58,993;0;0,11591298;0;0,090905705;0;26,579;0;26,639;0;26,665;0;26,823;0;26,942;0;27,022;0;27,952;0;28,953;0;30,373;0;32,093;0;32,262;0;32,428;0;32,466;0;32,546;0;33,255;0;36,222;0;39,48;0;39,606;0;39,67;0;28,617;0
225;07.09.2020 13:32:06;49,125;0;51,289;0;39,878;0;42,665;0;44,425;0;58,806;0;28,695;0;34,847;0;61,704;0;0,11779991;0;0,09104527;0;26,599;0;26,631;0;26,657;0;26,836;0;26,935;0;27,063;0;27,949;0;28,968;0;30,376;0;32,093;0;32,275;0;32,43;0;32,461;0;32,544;0;33,275;0;36,305;0;39,609;0;39,738;0;39,538;0;28,541;0
226;07.09.2020 13:32:11;49,148;0;51,254;0;39,873;0;42,698;0;44,589;0;58,706;0;28,711;0;34,857;0;62,36;0;0,11878164;0;0,09098459;0;26,599;0;26,659;0;26,668;0;26,831;0;26,947;0;27,073;0;27,954;0;29,025;0;30,694;0;32,126;0;32,282;0;32,441;0;32,487;0;32,556;0;33,306;0;36,348;0;39,629;0;39,725;0;39,405;0;28,497;0
227;07.09.2020 13:32:16;49,13;0;51,266;0;39,868;0;42,658;0;44,455;0;58,379;0;28,711;0;34,844;0;60,224;0;0,11650349;0;0,09109381;0;26,62;0;26,649;0;26,683;0;26,874;0;26,917;0;27,088;0;27,931;0;29,045;0;30,738;0;32,105;0;32,27;0;32,446;0;32,474;0;32,577;0;33,347;0;36,313;0;39,664;0;39,692;0;39,879;0;28,454;0
228;07.09.2020 13:32:21;49,11;0;51,259;0;39,845;0;42,653;0;44,458;0;57,997;0;28,741;0;34,852;0;59,694;0;0,11861518;0;0,09122326;0;26,648;0;26,68;0;26,693;0;26,882;0;26,963;0;27,083;0;27,949;0;29,109;0;30,712;0;32,128;0;32,3;0;32,438;0;32,443;0;32,551;0;33,38;0;36,396;0;39,667;0;39,833;0;39,891;0;28,74;0
229;07.09.2020 13:32:26;49,108;0;51,254;0;39,802;0;42,625;0;44,528;0;57,612;0;28,736;0;34,811;0;58,855;0;0,11848214;0;0,09061243;0;26,666;0;26,705;0;26,762;0;26,864;0;27,016;0;27,129;0;28,008;0;29,167;0;30,773;0;32,138;0;32,29;0;32,448;0;32,461;0;32,567;0;33,423;0;36,539;0;39,639;0;39,816;0;39,604;0;28,719;0
230;07.09.2020 13:32:31;49,113;0;51,244;0;39,823;0;42,64;0;44,493;0;57,33;0;28,751;0;34,813;0;58,923;0;0,1187786;0;0,090712545;0;26,671;0;26,726;0;26,805;0;26,892;0;27,037;0;27,172;0;28,069;0;29,201;0;30,732;0;32,121;0;32,298;0;32,448;0;32,461;0;32,567;0;33,426;0;36,555;0;39,806;0;39,695;0;39,722;0;28,783;0
231;07.09.2020 13:32:36;49,111;0;51,262;0;39,795;0;42,614;0;44,481;0;57,34;0;28,767;0;34,778;0;59,344;0;0,11548652;0;0,090858175;0;26,679;0;26,733;0;26,81;0;26,89;0;27,029;0;27,18;0;28,087;0;29,259;0;30,699;0;32,113;0;32,27;0;32,456;0;32,461;0;32,577;0;33,405;0;36,567;0;39,659;0;39,7;0;39,828;0;29,39;0
232;07.09.2020 13:32:41;49,103;0;51,229;0;39,788;0;42,612;0;44,461;0;57,603;0;28,792;0;34,763;0;59,666;0;0,11752775;0;0,090655915;0;26,717;0;26,749;0;26,844;0;26,964;0;27,052;0;27,182;0;28,084;0;29,259;0;30,763;0;32,126;0;32,285;0;32,448;0;32,466;0;32,579;0;33,449;0;36,784;0;39,793;0;39,748;0;39,967;0;29,132;0
233;07.09.2020 13:32:46;49,118;0;51,214;0;39,772;0;42,592;0;44,498;0;57,912;0;28,8;0;34,765;0;59,11;0;0,11760551;0;0,090739855;0;26,717;0;26,777;0;26,836;0;26,981;0;27,034;0;27,195;0;28,115;0;29,269;0;30,903;0;32,11;0;32,287;0;32,433;0;32,461;0;32,579;0;33,558;0;37,066;0;39,67;0;39,702;0;39,68;0;28,987;0
234;07.09.2020 13:32:51;49,088;0;51,239;0;39,762;0;42,59;0;44,599;0;58,149;0;28,813;0;34,767;0;59,163;0;0,11664929;0;0,09091481;0;26,73;0;26,784;0;26,859;0;26,994;0;27,085;0;27,233;0;28,107;0;29,277;0;30,949;0;32,123;0;32,285;0;32,446;0;32,448;0;32,587;0;33,612;0;36,993;0;39,609;0;39,932;0;39,906;0;29,119;0
235;07.09.2020 13:32:56;49,083;0;51,197;0;39,737;0;42,577;0;44,501;0;58,247;0;28,795;0;34,767;0;60,326;0;0,11707333;0;0,090928965;0;26,773;0;26,812;0;26,866;0;26,997;0;27,118;0;27,256;0;28,173;0;29,269;0;30,914;0;32,121;0;32,295;0;32,438;0;32,451;0;32,584;0;33,65;0;36,907;0;39,614;0;39,899;0;39,745;0;29,418;0
236;07.09.2020 13:33:01;49,065;0;51,199;0;39,724;0;42,562;0;44,397;0;58,177;0;28,82;0;34,732;0;61,897;0;0,1180581;0;0,090694345;0;26,744;0;26,795;0;26,827;0;27,013;0;27,163;0;27,284;0;28,205;0;29,273;0;30,872;0;32,15;0;32,308;0;32,446;0;32,477;0;32,622;0;33,705;0;37,126;0;39,895;0;39,853;0;39,938;0;29,254;0
237;07.09.2020 13:33:06;49,06;0;51,192;0;39,722;0;42,544;0;44,579;0;58,107;0;28,841;0;34,706;0;61,87;0;0,11823246;0;0,09076817;0;26,765;0;26,797;0;26,889;0;27,06;0;27,17;0;27,302;0;28,241;0;29,315;0;30,937;0;32,136;0;32,279;0;32,467;0;32,474;0;32,621;0;33,631;0;37,286;0;39,917;0;39,826;0;39,917;0;29,186;0
238;07.09.2020 13:33:11;49,05;0;51,159;0;39,719;0;42,532;0;44,523;0;58,064;0;28,843;0;34,709;0;60,214;0;0,11720273;0;0,090844015;0;26,754;0;26,802;0;26,88;0;27,074;0;27,189;0;27,317;0;28,284;0;29,351;0;31,118;0;32,188;0;32,294;0;32,455;0;32,468;0;32,628;0;33,6;0;37,21;0;40,01;0;39,988;0;40,023;0;29,084;0
239;07.09.2020 13:33:16;49,053;0;51,174;0;39,674;0;42,517;0;44,496;0;58,032;0;28,871;0;34,714;0;58,536;0;0,11502967;0;0,09057501;0;26,805;0;26,832;0;26,904;0;27,078;0;27,214;0;27,31;0;28,3;0;29,377;0;31,174;0;32,195;0;32,304;0;32,459;0;32,472;0;32,641;0;33,723;0;37,175;0;39,945;0;40,182;0;40,056;0;29,263;0
240;07.09.2020 13:33:21;49,033;0;51,169;0;39,684;0;42,502;0;44,561;0;58,014;0;28,869;0;34,691;0;59,148;0;0,11471194;0;0,09104527;0;26,79;0;26,839;0;26,901;0;27,072;0;27,242;0;27,366;0;28,346;0;29,368;0;31,132;0;32,165;0;32,305;0;32,448;0;32,464;0;32,645;0;33,904;0;37,199;0;40,094;0;40,125;0;39,84;0;29,261;0
241;07.09.2020 13:33:26;49,033;0;51,144;0;39,666;0;42,497;0;44,664;0;58,072;0;28,869;0;34,663;0;59,647;0;0,11764257;0;0,090686255;0;26,767;0;26,856;0;26,899;0;27,063;0;27,212;0;27,348;0;28,375;0;29,419;0;31,117;0;32,167;0;32,313;0;32,46;0;32,486;0;32,678;0;33,975;0;37,207;0;40,047;0;40,231;0;39,762;0;29,206;0
242;07.09.2020 13:33:31;49,023;0;51,129;0;39,651;0;42,502;0;44,644;0;58,199;0;28,881;0;34,676;0;58,461;0;0,11475082;0;0,090859185;0;26,769;0;26,859;0;26,91;0;27,075;0;27,248;0;27,368;0;28,395;0;29,444;0;31,143;0;32,199;0;32,284;0;32,459;0;32,505;0;32,707;0;33,985;0;37,242;0;40,04;0;40,259;0;39,848;0;29,101;0
243;07.09.2020 13:33:36;49,046;0;51,147;0;39,652;0;42,493;0;44,624;0;58,434;0;28,927;0;34,676;0;60,552;0;0,11758364;0;0,09082379;0;26,828;0;26,905;0;26,963;0;27,098;0;27,263;0;27,391;0;28,413;0;29,5;0;31,213;0;32,177;0;32,301;0;32,478;0;32,499;0;32,696;0;33,969;0;37,298;0;40,113;0;40,337;0;40,075;0;29,116;0
244;07.09.2020 13:33:41;49,053;0;51,164;0;39,657;0;42,491;0;44,634;0;58,619;0;28,933;0;34,64;0;59,686;0;0,11717114;0;0,091003805;0;26,8;0;26,922;0;26,969;0;27,098;0;27,261;0;27,381;0;28,413;0;29,528;0;31,273;0;32,176;0;32,299;0;32,462;0;32,482;0;32,724;0;34;0;37,409;0;40,143;0;40,292;0;40,244;0;29,025;0
245;07.09.2020 13:33:46;49,041;0;51,135;0;39,647;0;42,455;0;44,697;0;58,639;0;28,935;0;34,648;0;59,613;0;0,11697552;0;0,090874355;0;26,853;0;26,948;0;27,002;0;27,109;0;27,243;0;27,435;0;28,418;0;29,559;0;31,296;0;32,181;0;32,317;0;32,49;0;32,49;0;32,686;0;34,033;0;37,562;0;40,062;0;40,231;0;40,272;0;28,882;0
246;07.09.2020 13:33:51;49,046;0;51,139;0;39,653;0;42,466;0;44,609;0;58,57;0;28,962;0;34,644;0;60,855;0;0,11867229;0;0,091258655;0;26,868;0;26,941;0;27,012;0;27,122;0;27,336;0;27,458;0;28,449;0;29,576;0;31,267;0;32,184;0;32,301;0;32,486;0;32,491;0;32,723;0;34,093;0;37,581;0;40,006;0;40,27;0;40,159;0;29,075;0
247;07.09.2020 13:33:56;49,033;0;51,122;0;39,606;0;42,468;0;44,74;0;58,479;0;28,973;0;34,627;0;59,171;0;0,11664565;0;0,090988635;0;26,897;0;26,963;0;27;0;27,17;0;27,332;0;27,486;0;28,492;0;29,613;0;31,258;0;32,186;0;32,312;0;32,495;0;32,482;0;32,758;0;34,163;0;37,54;0;40,014;0;40,241;0;40,158;0;28,885;0
248;07.09.2020 13:34:01;49,006;0;51,117;0;39,604;0;42,443;0;44,637;0;58,419;0;28,981;0;34,607;0;58,028;0;0,11744938;0;0,090981555;0;26,925;0;26,974;0;27,024;0;27,231;0;27,381;0;27,488;0;28,513;0;29,661;0;31,303;0;32,208;0;32,313;0;32,468;0;32,506;0;32,752;0;34,199;0;37,57;0;40,087;0;40,165;0;40,14;0;28,907;0
249;07.09.2020 13:34:06;49,011;0;51,124;0;39,598;0;42,438;0;44,708;0;58,346;0;28,987;0;34,611;0;58,527;0;0,11675986;0;0,09106246;0;26,909;0;27,018;0;27,033;0;27,252;0;27,338;0;27,529;0;28,538;0;29,698;0;31,392;0;32,219;0;32,306;0;32,509;0;32,504;0;32,79;0;34,201;0;37,652;0;40,278;0;40,288;0;40,333;0;29,187;0
250;07.09.2020 13:34:11;49,014;0;51,129;0;39,612;0;42,437;0;44,721;0;58,368;0;29,018;0;34,592;0;59,22;0;0,11749069;0;0,090973465;0;26,932;0;27,002;0;27,052;0;27,259;0;27,356;0;27,555;0;28,559;0;29,708;0;31,443;0;32,233;0;32,325;0;32,481;0;32,481;0;32,78;0;34,165;0;37,705;0;40,394;0;40,387;0;40,061;0;29,799;0
251;07.09.2020 13:34:16;49,009;0;51,111;0;39,598;0;42,438;0;44,698;0;58,433;0;29,016;0;34,578;0;59,341;0;0,11704478;0;0,090703445;0;26,945;0;27,033;0;27,082;0;27,251;0;27,433;0;27,557;0;28,589;0;29,724;0;31,387;0;32,246;0;32,333;0;32,492;0;32,52;0;32,797;0;34,265;0;37,68;0;40,376;0;40,25;0;40,475;0;29,59;0
252;07.09.2020 13:34:21;48,976;0;51,102;0;39,566;0;42,407;0;44,735;0;58,469;0;29,042;0;34,579;0;59,239;0;0,11588018;0;0,090865255;0;26,983;0;27,028;0;27,103;0;27,269;0;27,433;0;27,603;0;28,633;0;29,767;0;31,387;0;32,259;0;32,305;0;32,489;0;32,514;0;32,792;0;34,484;0;37,692;0;40,409;0;40,558;0;40,591;0;29,559;0
253;07.09.2020 13:34:26;49,016;0;51,116;0;39,579;0;42,422;0;44,809;0;58,511;0;29,036;0;34,551;0;59,388;0;0,11590326;0;0,09076817;0;26,985;0;27,043;0;27,12;0;27,335;0;27,463;0;27,598;0;28,678;0;29,803;0;31,456;0;32,238;0;32,315;0;32,479;0;32,471;0;32,774;0;34,565;0;37,844;0;40,482;0;40,581;0;40,349;0;29,965;0
254;07.09.2020 13:34:31;49,042;0;51,116;0;39,595;0;42,422;0;44,693;0;58,435;0;29,076;0;34,541;0;58,073;0;0,11738984;0;0,09121011;0;26,998;0;27,084;0;27,152;0;27,37;0;27,489;0;27,634;0;28,707;0;29,856;0;31,553;0;32,242;0;32,319;0;32,479;0;32,496;0;32,772;0;34,461;0;37,944;0;40,575;0;40,53;0;40,394;0;29,702;0
255;07.09.2020 13:34:36;49,028;0;51,137;0;39,56;0;42,416;0;44,739;0;58,3;0;29,098;0;34,546;0;59,335;0;0,11993043;0;0,090678165;0;27,014;0;27,102;0;27,158;0;27,367;0;27,517;0;27,649;0;28,699;0;29,892;0;31,55;0;32,247;0;32,329;0;32,499;0;32,481;0;32,754;0;34,425;0;38,002;0;40,411;0;40,598;0;40,258;0;29,363;0
256;07.09.2020 13:34:41;49,058;0;51,16;0;39,587;0;42,447;0;44,784;0;58,2;0;29,108;0;34,525;0;57,647;0;0,11612257;0;0,09081671;0;27,019;0;27,125;0;27,189;0;27,368;0;27,517;0;27,629;0;28,719;0;29,956;0;31,507;0;32,226;0;32,33;0;32,492;0;32,497;0;32,808;0;34,67;0;38,035;0;40,49;0;40,709;0;40,767;0;29,253;0
