Name:;Daten Ger. INSTR 04.09.2020 11:46:25
Verantwortlich:;Messlaptop
Kommentare:;
Datum der Datenerfassung:;04.09.2020 11:46:25
Messgerät:;34970A;Adresse:;ASRL8::INSTR;Module:;1;Steckplatz1:;34901A
Kanäle gesamt:;7
Kanal;Name;Funktion;Bereich;Auflösung;ErwEinstellungen;Skalieren;Verstärkung;Offset;Bezeichnung;Test;Niedrig;Hoch;Hardware-Alarm
101;Ref;Temp. 4-Draht-RTD;Keine;C;Temp 4-Wire RTD#1#0,016#Auto#0,001#C#0,00385 (DIN)#100;False;1;0;C;Aus;0;1;Alarm 1
102;P1_PT100_4L;4-Draht-Widerstand;Auto;5,5;Four-Wire Ohms#1#0,016#Auto##false;False;1;0;OHM;Aus;0;1;Alarm 1
103;P2_PT100_2L;2-Draht-Widerstand;Auto;5,5;Two-Wire Ohms#1#0,016#Auto#0,001#false;False;1;0;OHM;Aus;0;1;Alarm 1
104;P3_PT1000;2-Draht-Widerstand;Auto;5,5;Two-Wire Ohms#1#0,016#Auto#0,001#false;False;1;0;OHM;Aus;0;1;Alarm 1
105;KTY;2-Draht-Widerstand;Auto;5,5;Two-Wire Ohms#1#0,016#Auto#0,001#false;False;1;0;OHM;Aus;0;1;Alarm 1
106;NTC;2-Draht-Widerstand;Auto;5,5;Two-Wire Ohms#1#0,016#Auto#0,001#false;False;1;0;OHM;Aus;0;1;Alarm 1
107;TE;Gleichspannung;Auto;5,5;DC Voltage#10M#1#0,016#Auto#0,001;False;1;0;VDC;Aus;0;1;Alarm 1
Scan-Steuerung:;Aktion starten:;Sofort;Aktion stoppen::;Von Benutzer beendet
Scan;Zeit;101 <Ref> (C);Alarm 101;102 <P1_PT100_4L> (OHM);Alarm 102;103 <P2_PT100_2L> (OHM);Alarm 103;104 <P3_PT1000> (OHM);Alarm 104;105 <KTY> (OHM);Alarm 105;106 <NTC> (OHM);Alarm 106;107 <TE> (VDC);Alarm 107
1;04.09.2020 11:46:25;15,778;0;105,78048;0;106,475;0;1060,283;0;1824,045;0;2697,0535;0;-0,000474566;0
2;04.09.2020 11:46:26;15,813;0;105,78431;0;106,48352;0;1060,3831;0;1824,3114;0;2695,7642;0;-0,000474141;0
3;04.09.2020 11:46:27;15,852;0;105,78856;0;106,49737;0;1060,5067;0;1824,6204;0;2694,1553;0;-0,000474141;0
4;04.09.2020 11:46:28;15,903;0;105,79356;0;106,51228;0;1060,6505;0;1824,9933;0;2692,1947;0;-0,000473716;0
5;04.09.2020 11:46:29;15,96;0;105,80079;0;106,53039;0;1060,8157;0;1825,4195;0;2689,8612;0;-0,000472867;0
6;04.09.2020 11:46:30;16,021;0;105,80813;0;106,55063;0;1061,0032;0;1825,9203;0;2687,1761;0;-0,000472123;0
7;04.09.2020 11:46:31;16,091;0;105,8177;0;106,57301;0;1061,2162;0;1826,4851;0;2684,0328;0;-0,00047138;0
8;04.09.2020 11:46:32;16,167;0;105,82844;0;106,59964;0;1061,4474;0;1827,1244;0;2680,4526;0;-0,000470743;0
9;04.09.2020 11:46:33;16,246;0;105,84099;0;106,62734;0;1061,7063;0;1827,7637;0;2676,4569;0;-0,000470106;0
10;04.09.2020 11:46:34;16,333;0;105,85492;0;106,65823;0;1061,9886;0;1828,5202;0;2671,9923;0;-0,000468938;0
11;04.09.2020 11:46:35;16,422;0;105,8696;0;106,69233;0;1062,2954;0;1829,362;0;2667,0696;0;-0,000467345;0
12;04.09.2020 11:46:36;16,513;0;105,8864;0;106,72748;0;1062,6267;0;1830,257;0;2661,6567;0;-0,000465858;0
13;04.09.2020 11:46:37;16,613;0;105,90596;0;106,7669;0;1062,9783;0;1831,216;0;2655,775;0;-0,000464372;0
14;04.09.2020 11:46:38;16,714;0;105,92638;0;106,80632;0;1063,3533;0;1832,2283;0;2649,4458;0;-0,000462142;0
15;04.09.2020 11:46:39;16,82;0;105,9485;0;106,84893;0;1063,7507;0;1833,3257;0;2642,5838;0;-0,000460973;0
16;04.09.2020 11:46:40;16,932;0;105,97285;0;106,89474;0;1064,1736;0;1834,4978;0;2635,253;0;-0,000458319;0
17;04.09.2020 11:46:41;17,048;0;105,99848;0;106,94055;0;1064,6147;0;1835,7232;0;2627,4853;0;-0,000455664;0
18;04.09.2020 11:46:42;17,171;0;106,02581;0;106,99062;0;1065,0792;0;1837,0551;0;2619,2167;0;-0,000453221;0
19;04.09.2020 11:46:43;17,298;0;106,05526;0;107,04389;0;1065,5618;0;1838,4296;0;2610,5007;0;-0,000451522;0
20;04.09.2020 11:46:44;17,428;0;106,08632;0;107,09716;0;1066,0678;0;1839,8787;0;2601,3052;0;-0,000448018;0
21;04.09.2020 11:46:45;17,563;0;106,11971;0;107,15682;0;1066,5898;0;1841,4024;0;2591,6729;0;-0,000445576;0
22;04.09.2020 11:46:46;17,7;0;106,15448;0;107,21541;0;1067,1321;0;1842,9688;0;2581,593;0;-0,000442815;0
23;04.09.2020 11:46:47;17,844;0;106,19127;0;107,2772;0;1067,6946;0;1844,6523;0;2571,0656;0;-0,000438355;0
24;04.09.2020 11:46:48;17,994;0;106,22913;0;107,33899;0;1068,2741;0;1846,3252;0;2560,1653;0;-0,0004357;0
25;04.09.2020 11:46:49;18,149;0;106,26975;0;107,40398;0;1068,8697;0;1848,1153;0;2548,8281;0;-0,000431559;0
26;04.09.2020 11:46:50;18,306;0;106,31186;0;107,47109;0;1069,4865;0;1849,9693;0;2537,0966;0;-0,000428373;0
27;04.09.2020 11:46:51;18,474;0;106,35599;0;107,54034;0;1070,1172;0;1851,8552;0;2525,0029;0;-0,000424338;0
28;04.09.2020 11:46:52;18,641;0;106,40065;0;107,61065;0;1070,7639;0;1853,8265;0;2512,5253;0;-0,000419878;0
29;04.09.2020 11:46:53;18,818;0;106,44787;0;107,68097;0;1071,4276;0;1855,8723;0;2499,707;0;-0,000415311;0
30;04.09.2020 11:46:54;19,001;0;106,49636;0;107,75554;0;1072,1062;0;1857,9607;0;2486,5584;0;-0,000410639;0
31;04.09.2020 11:46:55;19,184;0;106,54708;0;107,83011;0;1072,7976;0;1860,1024;0;2473,0688;0;-0,000406391;0
32;04.09.2020 11:46:56;19,371;0;106,59834;0;107,90575;0;1073,5061;0;1862,3081;0;2459,2383;0;-0,000401082;0
33;04.09.2020 11:46:57;19,559;0;106,65151;0;107,98352;0;1074,2231;0;1864,567;0;2445,184;0;-0,000396622;0
34;04.09.2020 11:46:58;19,752;0;106,70585;0;108,06023;0;1074,9581;0;1866,8792;0;2430,8101;0;-0,000390781;0
35;04.09.2020 11:46:59;19,948;0;106,76295;0;108,14333;0;1075,7007;0;1869,2553;0;2416,191;0;-0,000385472;0
36;04.09.2020 11:47:00;20,145;0;106,82133;0;108,22323;0;1076,4624;0;1871,6847;0;2401,2842;0;-0,000380162;0
37;04.09.2020 11:47:01;20,346;0;106,87897;0;108,30632;0;1077,2316;0;1874,1461;0;2386,1644;0;-0,000374109;0
38;04.09.2020 11:47:02;20,549;0;106,94;0;108,39049;0;1078,0114;0;1876,65;0;2370,7782;0;-0,000369225;0
39;04.09.2020 11:47:03;20,753;0;107,0019;0;108,47571;0;1078,8062;0;1879,2499;0;2355,2428;0;-0,000362853;0
40;04.09.2020 11:47:04;20,959;0;107,06496;0;108,56201;0;1079,6116;0;1881,8711;0;2339,4304;0;-0,000357862;0
41;04.09.2020 11:47:05;21,17;0;107,12918;0;108,6483;0;1080,4255;0;1884,5243;0;2323,5008;0;-0,000351066;0
42;04.09.2020 11:47:06;21,387;0;107,19501;0;108,73779;0;1081,2501;0;1887,252;0;2307,3687;0;-0,000344058;0
43;04.09.2020 11:47:07;21,611;0;107,2619;0;108,82515;0;1082,0843;0;1890,0225;0;2291,0554;0;-0,000337686;0
44;04.09.2020 11:47:08;21,836;0;107,33059;0;108,91677;0;1082,9291;0;1892,8142;0;2274,5717;0;-0,000330996;0
45;04.09.2020 11:47:09;22,067;0;107,40099;0;109,00732;0;1083,7792;0;1895,6591;0;2257,9495;0;-0,000323669;0
46;04.09.2020 11:47:10;22,304;0;107,4717;0;109,10001;0;1084,64;0;1898,568;0;2241,2208;0;-0,000317404;0
47;04.09.2020 11:47:11;22,542;0;107,54348;0;109,19056;0;1085,5094;0;1901,4876;0;2224,3215;0;-0,000310608;0
48;04.09.2020 11:47:12;22,785;0;107,61675;0;109,28325;0;1086,3829;0;1904,4604;0;2207,3583;0;-0,00030413;0
49;04.09.2020 11:47:13;23,03;0;107,69097;0;109,377;0;1087,265;0;1907,4652;0;2190,2882;0;-0,000296484;0
50;04.09.2020 11:47:14;23,273;0;107,76573;0;109,47075;0;1088,1546;0;1910,5232;0;2173,0587;0;-0,000288732;0
51;04.09.2020 11:47:15;23,524;0;107,84229;0;109,56663;0;1089,0484;0;1913,56;0;2155,8078;0;-0,000280556;0
52;04.09.2020 11:47:16;23,772;0;107,92045;0;109,65931;0;1089,9486;0;1916,6713;0;2138,4504;0;-0,000273335;0
53;04.09.2020 11:47:17;24,022;0;107,99904;0;109,75519;0;1090,8553;0;1919,8253;0;2121,061;0;-0,000266432;0
54;04.09.2020 11:47:18;24,27;0;108,07805;0;109,85321;0;1091,7672;0;1923,0112;0;2103,6183;0;-0,000258149;0
55;04.09.2020 11:47:19;24,523;0;108,15961;0;109,94802;0;1092,6823;0;1926,2184;0;2086,1542;0;-0,000250079;0
56;04.09.2020 11:47:20;24,773;0;108,23968;0;110,04497;0;1093,6038;0;1929,4576;0;2068,6583;0;-0,000242221;0
57;04.09.2020 11:47:21;25,026;0;108,3221;0;110,14085;0;1094,5307;0;1932,6968;0;2051,2263;0;-0,000233832;0
58;04.09.2020 11:47:22;25,278;0;108,40504;0;110,23886;0;1095,4554;0;1936,0106;0;2033,7623;0;-0,000226398;0
59;04.09.2020 11:47:23;25,53;0;108,48767;0;110,33474;0;1096,3887;0;1939,3244;0;2016,3729;0;-0,000217691;0
60;04.09.2020 11:47:24;25,785;0;108,57221;0;110,43169;0;1097,3198;0;1942,6382;0;1999,0794;0;-0,000209939;0
61;04.09.2020 11:47:25;26,033;0;108,65675;0;110,53076;0;1098,2509;0;1945,9946;0;1981,8282;0;-0,000200806;0
62;04.09.2020 11:47:26;26,284;0;108,74171;0;110,62558;0;1099,1831;0;1949,3403;0;1964,652;0;-0,00019263;0
63;04.09.2020 11:47:27;26,534;0;108,82668;0;110,72359;0;1100,111;0;1952,7287;0;1947,5929;0;-0,000184028;0
64;04.09.2020 11:47:28;26,782;0;108,91249;0;110,82054;0;1101,0368;0;1956,1064;0;1930,683;0;-0,000175533;0
65;04.09.2020 11:47:29;27,029;0;108,99809;0;110,91429;0;1101,9604;0;1959,4842;0;1913,8477;0;-0,000166082;0
66;04.09.2020 11:47:30;27,278;0;109,08444;0;111,01124;0;1102,8766;0;1962,8938;0;1897,2468;0;-0,000158224;0
67;04.09.2020 11:47:31;27,523;0;109,17036;0;111,10499;0;1103,7886;0;1966,2716;0;1880,7523;0;-0,000149941;0
68;04.09.2020 11:47:32;27,766;0;109,25703;0;111,19874;0;1104,6973;0;1969,6706;0;1864,4178;0;-0,000141021;0
69;04.09.2020 11:47:33;28,008;0;109,34253;0;111,29142;0;1105,5922;0;1973,0483;0;1848,2857;0;-0,000131464;0
70;04.09.2020 11:47:34;28,246;0;109,43026;0;111,38411;0;1106,4882;0;1976,4367;0;1832,2922;0;-0,000123287;0
71;04.09.2020 11:47:35;28,482;0;109,51554;0;111,47573;0;1107,3724;0;1979,8037;0;1816,5331;0;-0,000114155;0
72;04.09.2020 11:47:36;28,715;0;109,60114;0;111,56415;0;1108,247;0;1983,1602;0;1800,9764;0;-0,000105872;0
73;04.09.2020 11:47:37;28,949;0;109,68675;0;111,65364;0;1109,1185;0;1986,5059;0;1785,6328;0;-9,7058E-05;0
74;04.09.2020 11:47:38;29,177;0;109,77214;0;111,74206;0;1109,9793;0;1989,8517;0;1770,4381;0;-8,8032E-05;0
75;04.09.2020 11:47:39;29,404;0;109,85763;0;111,82836;0;1110,8294;0;1993,1764;0;1755,5207;0;-7,9643E-05;0
76;04.09.2020 11:47:40;29,625;0;109,94249;0;111,91358;0;1111,6711;0;1996,4795;0;1740,7951;0;-6,9767E-05;0
77;04.09.2020 11:47:41;29,843;0;110,02682;0;111,99775;0;1112,5063;0;1999,772;0;1726,272;0;-6,1484E-05;0
78;04.09.2020 11:47:42;30,058;0;110,11062;0;112,07978;0;1113,3277;0;2003,0538;0;1712,0046;0;-5,3626E-05;0
79;04.09.2020 11:47:43;30,271;0;110,19399;0;112,16394;0;1114,1427;0;2006,2824;0;1697,929;0;-4,5025E-05;0
80;04.09.2020 11:47:44;30,479;0;110,27704;0;112,24491;0;1114,947;0;2009,5322;0;1684,0559;0;-3,5574E-05;0
81;04.09.2020 11:47:45;30,685;0;110,35956;0;112,32694;0;1115,7396;0;2012,7608;0;1670,4383;0;-2,7716E-05;0
82;04.09.2020 11:47:46;30,889;0;110,4408;0;112,40364;0;1116,5248;0;2015,968;0;1657,034;0;-1,9114E-05;0
83;04.09.2020 11:47:47;31,087;0;110,52193;0;112,48141;0;1117,3025;0;2019,1433;0;1643,8108;0;-1,115E-05;0
84;04.09.2020 11:47:48;31,287;0;110,60286;0;112,55918;0;1118,0674;0;2022,2866;0;1630,8647;0;-1,487E-06;0
85;04.09.2020 11:47:49;31,483;0;110,68325;0;112,63376;0;1118,8227;0;2025,4086;0;1618,0997;0;6,265E-06;0
86;04.09.2020 11:47:50;31,673;0;110,76205;0;112,70833;0;1119,5727;0;2028,5199;0;1605,5478;0;1,4442E-05;0
87;04.09.2020 11:47:51;31,862;0;110,84085;0;112,78077;0;1120,3068;0;2031,6099;0;1593,209;0;2,3043E-05;0
88;04.09.2020 11:47:52;32,051;0;110,91847;0;112,85322;0;1121,0365;0;2034,6573;0;1581,1046;0;3,0583E-05;0
89;04.09.2020 11:47:53;32,236;0;110,99663;0;112,92566;0;1121,7556;0;2037,6941;0;1569,1705;0;3,9397E-05;0
90;04.09.2020 11:47:54;32,423;0;111,07245;0;112,99597;0;1122,4631;0;2040,6882;0;1557,503;0;4,6511E-05;0
91;04.09.2020 11:47:55;32,604;0;111,14891;0;113,06416;0;1123,163;0;2043,6717;0;1545,974;0;5,4901E-05;0
92;04.09.2020 11:47:56;32,781;0;111,22313;0;113,1334;0;1123,8523;0;2046,6339;0;1534,6688;0;6,2759E-05;0
93;04.09.2020 11:47:57;32,958;0;111,29906;0;113,20052;0;1124,532;0;2049,5534;0;1523,6086;0;7,0617E-05;0
94;04.09.2020 11:47:58;33,134;0;111,3719;0;113,26657;0;1125,2031;0;2052,4516;0;1512,7083;0;7,9112E-05;0
95;04.09.2020 11:47:59;33,306;0;111,44411;0;113,33049;0;1125,8647;0;2055,3179;0;1501,9997;0;8,6864E-05;0
96;04.09.2020 11:48:00;33,473;0;111,51727;0;113,39335;0;1126,5156;0;2058,1522;0;1491,515;0;9,4616E-05;0
97;04.09.2020 11:48:01;33,636;0;111,58905;0;113,4562;0;1127,158;0;2060,9545;0;1481,222;0;0,000101943;0
98;04.09.2020 11:48:02;33,8;0;111,65966;0;113,51799;0;1127,794;0;2063,7462;0;1471,0888;0;0,000109589;0
99;04.09.2020 11:48:03;33,959;0;111,73027;0;113,57552;0;1128,4141;0;2066,5059;0;1461,2006;0;0,000117022;0
100;04.09.2020 11:48:04;34,118;0;111,79896;0;113,63944;0;1129,0277;0;2069,2124;0;1451,4511;0;0,000123606;0
101;04.09.2020 11:48:05;34,269;0;111,86734;0;113,69697;0;1129,6318;0;2071,8868;0;1441,9146;0;0,000130933;0
102;04.09.2020 11:48:06;34,419;0;111,93422;0;113,75557;0;1130,2252;0;2074,5293;0;1432,5699;0;0,000138579;0
103;04.09.2020 11:48:07;34,565;0;112,00132;0;113,8099;0;1130,809;0;2077,1718;0;1423,3851;0;0,000144419;0
104;04.09.2020 11:48:08;34,708;0;112,06789;0;113,8653;0;1131,3811;0;2079,7717;0;1414,4027;0;0,000152702;0
105;04.09.2020 11:48:09;34,849;0;112,13233;0;113,92176;0;1131,9457;0;2082,329;0;1405,6015;0;0,000159392;0
106;04.09.2020 11:48:10;34,988;0;112,19699;0;113,9729;0;1132,4997;0;2084,8436;0;1396,9601;0;0,000165976;0
107;04.09.2020 11:48:11;35,123;0;112,25962;0;114,0251;0;1133,0451;0;2087,3583;0;1388,4998;0;0,000172878;0
108;04.09.2020 11:48:12;35,257;0;112,32321;0;114,0773;0;1133,581;0;2089,8196;0;1380,1993;0;0,000179675;0
109;04.09.2020 11:48:13;35,388;0;112,38436;0;114,12737;0;1134,1084;0;2092,2277;0;1372,0907;0;0,000185727;0
110;04.09.2020 11:48:14;35,518;0;112,44604;0;114,17638;0;1134,625;0;2094,6678;0;1364,1312;0;0,000193161;0
111;04.09.2020 11:48:15;35,644;0;112,50569;0;114,22432;0;1135,1343;0;2097,0013;0;1356,3633;0;0,000198895;0
112;04.09.2020 11:48:16;35,769;0;112,56365;0;114,27439;0;1135,6339;0;2099,3349;0;1348,7448;0;0,00020601;0
113;04.09.2020 11:48:17;35,892;0;112,62224;0;114,31807;0;1136,124;0;2101,6577;0;1341,2648;0;0,000212063;0
114;04.09.2020 11:48:18;36,013;0;112,67988;0;114,36494;0;1136,6087;0;2103,9273;0;1333,9766;0;0,000217691;0
115;04.09.2020 11:48:19;36,131;0;112,73538;0;114,40969;0;1137,0785;0;2106,1543;0;1326,8163;0;0,000223531;0
116;04.09.2020 11:48:20;36,245;0;112,79196;0;114,4523;0;1137,543;0;2108,3706;0;1319,8051;0;0,000230327;0
117;04.09.2020 11:48:21;36,359;0;112,84715;0;114,49598;0;1137,999;0;2110,5442;0;1312,9431;0;0,000235849;0
118;04.09.2020 11:48:22;36,471;0;112,9;0;114,53859;0;1138,4486;0;2112,6646;0;1306,2303;0;0,000241902;0
119;04.09.2020 11:48:23;36,58;0;112,95455;0;114,58014;0;1138,8864;0;2114,7957;0;1299,624;0;0,000246575;0
120;04.09.2020 11:48:24;36,688;0;113,00687;0;114,62063;0;1139,3179;0;2116,8628;0;1293,2309;0;0,000253583;0
121;04.09.2020 11:48:25;36,792;0;113,05759;0;114,66111;0;1139,7387;0;2118,9086;0;1286,9443;0;0,000258893;0
122;04.09.2020 11:48:26;36,895;0;113,10842;0;114,69946;0;1140,1553;0;2120,9438;0;1280,7749;0;0,000263671;0
123;04.09.2020 11:48:27;36,995;0;113,15925;0;114,73675;0;1140,5612;0;2122,883;0;1274,7653;0;0,000268981;0
124;04.09.2020 11:48:28;37,094;0;113,20732;0;114,77723;0;1140,9607;0;2124,8649;0;1268,8623;0;0,000274609;0
125;04.09.2020 11:48:29;37,19;0;113,25623;0;114,81026;0;1141,3506;0;2126,7722;0;1263,0871;0;0,000279918;0
126;04.09.2020 11:48:30;37,283;0;113,30334;0;114,84435;0;1141,7352;0;2128,6688;0;1257,4395;0;0,000284909;0
127;04.09.2020 11:48:31;37,376;0;113,35002;0;114,88377;0;1142,1091;0;2130,5228;0;1251,9201;0;0,0002899;0
128;04.09.2020 11:48:32;37,466;0;113,39671;0;114,91679;0;1142,4777;0;2132,3555;0;1246,5179;0;0,000294785;0
129;04.09.2020 11:48:33;37,551;0;113,44094;0;114,94875;0;1142,8421;0;2134,1776;0;1241,2329;0;0,000299245;0
130;04.09.2020 11:48:34;37,638;0;113,4855;0;114,98071;0;1143,1926;0;2135,9357;0;1236,0651;0;0,000304555;0
131;04.09.2020 11:48:35;37,722;0;113,52984;0;115,0148;0;1143,5388;0;2137,6619;0;1231,0251;0;0,000308059;0
132;04.09.2020 11:48:36;37,807;0;113,57259;0;115,04676;0;1143,8776;0;2139,388;0;1226,0811;0;0,000313156;0
133;04.09.2020 11:48:37;37,888;0;113,61449;0;115,07659;0;1144,211;0;2141,0396;0;1221,2543;0;0,000318466;0
134;04.09.2020 11:48:38;37,965;0;113,65639;0;115,10536;0;1144,536;0;2142,7231;0;1216,5233;0;0,000323563;0
135;04.09.2020 11:48:39;38,045;0;113,69775;0;115,13625;0;1144,8545;0;2144,3321;0;1211,9203;0;0,000328023;0
136;04.09.2020 11:48:40;38,121;0;113,73752;0;115,16395;0;1145,1645;0;2145,909;0;1207,4131;0;0,000331846;0
137;04.09.2020 11:48:41;38,195;0;113,77623;0;115,19272;0;1145,4703;0;2147,486;0;1202,9698;0;0,000335775;0
138;04.09.2020 11:48:42;38,269;0;113,81494;0;115,21722;0;1145,7686;0;2149,031;0;1198,6864;0;0,000340235;0
139;04.09.2020 11:48:43;38,339;0;113,85311;0;115,24385;0;1146,0626;0;2150,5334;0;1194,4563;0;0,000344164;0
140;04.09.2020 11:48:44;38,409;0;113,88969;0;115,27262;0;1146,3503;0;2152,0252;0;1190,3327;0;0,000348199;0
141;04.09.2020 11:48:45;38,477;0;113,92617;0;115,29712;0;1146,6283;0;2153,4743;0;1186,2944;0;0,000352234;0
142;04.09.2020 11:48:46;38,544;0;113,96243;0;115,32375;0;1146,9032;0;2154,9127;0;1182,3519;0;0,000356163;0
143;04.09.2020 11:48:47;38,609;0;113,9972;0;115,34827;0;1147,1727;0;2156,3192;0;1178,516;0;0,000360199;0
144;04.09.2020 11:48:48;38,671;0;114,03198;0;115,37064;0;1147,4358;0;2157,6938;0;1174,7547;0;0,000363597;0
145;04.09.2020 11:48:49;38,733;0;114,06622;0;115,39408;0;1147,6905;0;2159,047;0;1171,068;0;0,000366782;0
146;04.09.2020 11:48:50;38,794;0;114,09865;0;115,41645;0;1147,944;0;2160,3576;0;1167,4878;0;0,000370499;0
147;04.09.2020 11:48:51;38,851;0;114,13172;0;115,43776;0;1148,188;0;2161,6682;0;1163,9716;0;0,000374216;0
148;04.09.2020 11:48:52;38,91;0;114,16309;0;115,46119;0;1148,4277;0;2162,9362;0;1160,5299;0;0,000377083;0
149;04.09.2020 11:48:53;38,963;0;114,19446;0;115,4825;0;1148,6631;0;2164,1828;0;1157,1735;0;0,000380906;0
150;04.09.2020 11:48:54;39,02;0;114,22541;0;115,50381;0;1148,8922;0;2165,4188;0;1153,9024;0;0,000383348;0
151;04.09.2020 11:48:55;39,074;0;114,25486;0;115,52298;0;1149,1148;0;2166,6335;0;1150,6737;0;0,000386959;0
152;04.09.2020 11:48:56;39,126;0;114,28496;0;115,54429;0;1149,3364;0;2167,8056;0;1147,5517;0;0,000391312;0
153;04.09.2020 11:48:57;39,177;0;114,31431;0;115,56134;0;1149,5506;0;2168,967;0;1144,483;0;0,000394286;0
154;04.09.2020 11:48:58;39,227;0;114,34228;0;115,58051;0;1149,7604;0;2170,0965;0;1141,5315;0;0,000396516;0
155;04.09.2020 11:48:59;39,276;0;114,37003;0;115,60075;0;1149,9671;0;2171,2046;0;1138,5906;0;0,000399277;0
156;04.09.2020 11:49:00;39,321;0;114,39683;0;115,61673;0;1150,1653;0;2172,2915;0;1135,7563;0;0,000402144;0
157;04.09.2020 11:49:01;39,368;0;114,42362;0;115,63378;0;1150,3613;0;2173,3677;0;1132,954;0;0,000405436;0
158;04.09.2020 11:49:02;39,414;0;114,44957;0;115,65296;0;1150,553;0;2174,4012;0;1130,2369;0;0,000409046;0
159;04.09.2020 11:49:03;39,457;0;114,47531;0;115,66787;0;1150,7373;0;2175,4241;0;1127,5731;0;0,000411595;0
160;04.09.2020 11:49:04;39,499;0;114,50083;0;115,68278;0;1150,9195;0;2176,4151;0;1124,9839;0;0,000413719;0
161;04.09.2020 11:49:05;39,541;0;114,52422;0;115,69983;0;1151,0996;0;2177,4273;0;1122,4586;0;0,000416798;0
162;04.09.2020 11:49:06;39,583;0;114,54942;0;115,71794;0;1151,2732;0;2178,3969;0;1119,9866;0;0,000419453;0
163;04.09.2020 11:49:07;39,62;0;114,57271;0;115,73179;0;1151,4394;0;2179,3133;0;1117,5891;0;0,000421789;0
164;04.09.2020 11:49:08;39,66;0;114,59547;0;115,74564;0;1151,6045;0;2180,2403;0;1115,2023;0;0,000424656;0
165;04.09.2020 11:49:09;39,697;0;114,61886;0;115,75842;0;1151,7665;0;2181,178;0;1112,9115;0;0,000426568;0
166;04.09.2020 11:49:10;39,734;0;114,64024;0;115,77334;0;1151,9231;0;2182,041;0;1110,6525;0;0,000430178;0
167;04.09.2020 11:49:11;39,767;0;114,66182;0;115,78612;0;1152,0776;0;2182,8935;0;1108,4789;0;0,000431877;0
168;04.09.2020 11:49:12;39,802;0;114,68309;0;115,79997;0;1152,2267;0;2183,7672;0;1106,3478;0;0,000434426;0
169;04.09.2020 11:49:13;39,837;0;114,70372;0;115,81276;0;1152,3737;0;2184,5663;0;1104,2381;0;0,000436231;0
170;04.09.2020 11:49:14;39,871;0;114,72339;0;115,82554;0;1152,5154;0;2185,3868;0;1102,2136;0;0,000437824;0
171;04.09.2020 11:49:15;39,903;0;114,74339;0;115,83619;0;1152,656;0;2186,1753;0;1100,221;0;0,000440585;0
172;04.09.2020 11:49:16;39,933;0;114,7638;0;115,84898;0;1152,7913;0;2186,9638;0;1098,2711;0;0,000442815;0
173;04.09.2020 11:49:17;39,964;0;114,78209;0;115,8607;0;1152,9234;0;2187,7309;0;1096,3638;0;0,000444832;0
174;04.09.2020 11:49:18;39,993;0;114,80102;0;115,87242;0;1153,0513;0;2188,4555;0;1094,5311;0;0,000446638;0
175;04.09.2020 11:49:19;40,023;0;114,81963;0;115,88307;0;1153,177;0;2189,1907;0;1092,6984;0;0,000447487;0
176;04.09.2020 11:49:20;40,052;0;114,83675;0;115,89159;0;1153,3016;0;2189,894;0;1090,951;0;0,000450354;0
177;04.09.2020 11:49:21;40,078;0;114,8544;0;115,90331;0;1153,4188;0;2190,6079;0;1089,2674;0;0,000452266;0
178;04.09.2020 11:49:22;40,106;0;114,87067;0;115,91396;0;1153,5339;0;2191,2685;0;1087,5732;0;0,000454708;0
179;04.09.2020 11:49:23;40,131;0;114,88758;0;115,92249;0;1153,649;0;2191,9504;0;1085,9323;0;0,000456832;0
180;04.09.2020 11:49:24;40,158;0;114,90364;0;115,93421;0;1153,7598;0;2192,5897;0;1084,3447;0;0,000458212;0
181;04.09.2020 11:49:25;40,181;0;114,91906;0;115,94379;0;1153,8663;0;2193,2184;0;1082,7784;0;0,000459805;0
182;04.09.2020 11:49:26;40,203;0;114,93458;0;115,95232;0;1153,9718;0;2193,8364;0;1081,276;0;0,000461611;0
183;04.09.2020 11:49:27;40,226;0;114,95011;0;115,95977;0;1154,074;0;2194,4331;0;1079,7842;0;0,000462779;0
184;04.09.2020 11:49:28;40,25;0;114,96446;0;115,9683;0;1154,1752;0;2195,0298;0;1078,3458;0;0,000464372;0
185;04.09.2020 11:49:29;40,272;0;114,97925;0;115,97682;0;1154,269;0;2195,6052;0;1076,9073;0;0,000465964;0
186;04.09.2020 11:49:30;40,292;0;114,99371;0;115,98428;0;1154,3638;0;2196,1699;0;1075,5541;0;0,000468619;0
187;04.09.2020 11:49:31;40,311;0;115,00647;0;115,99067;0;1154,4544;0;2196,7027;0;1074,2115;0;0,000469256;0
188;04.09.2020 11:49:32;40,332;0;115,02019;0;116,00026;0;1154,5471;0;2197,2568;0;1072,9116;0;0,00047;0
189;04.09.2020 11:49:33;40,349;0;115,0338;0;116,00772;0;1154,6344;0;2197,7682;0;1071,6436;0;0,000472973;0
190;04.09.2020 11:49:34;40,369;0;115,04613;0;116,01411;0;1154,7175;0;2198,3116;0;1070,4076;0;0,00047361;0
191;04.09.2020 11:49:35;40,387;0;115,05847;0;116,0205;0;1154,7995;0;2198,8231;0;1069,1929;0;0,000475522;0
192;04.09.2020 11:49:36;40,404;0;115,07123;0;116,02902;0;1154,8816;0;2199,2813;0;1068,0208;0;0,00047669;0
193;04.09.2020 11:49:37;40,422;0;115,08239;0;116,03754;0;1154,9572;0;2199,7714;0;1066,8701;0;0,000477645;0
194;04.09.2020 11:49:38;40,439;0;115,0943;0;116,04394;0;1155,0339;0;2200,2402;0;1065,7406;0;0,000478176;0
195;04.09.2020 11:49:39;40,453;0;115,10611;0;116,0482;0;1155,1064;0;2200,6771;0;1064,6751;0;0,000480725;0
196;04.09.2020 11:49:40;40,47;0;115,11717;0;116,05459;0;1155,1799;0;2201,1353;0;1063,5882;0;0,000481362;0
197;04.09.2020 11:49:41;40,485;0;115,12791;0;116,06098;0;1155,2502;0;2201,5615;0;1062,5653;0;0,000482318;0
198;04.09.2020 11:49:42;40,5;0;115,13758;0;116,06631;0;1155,3152;0;2201,977;0;1061,5424;0;0,000483592;0
199;04.09.2020 11:49:43;40,513;0;115,14832;0;116,07164;0;1155,3834;0;2202,4143;0;1060,5515;0;0,000484972;0
200;04.09.2020 11:49:44;40,526;0;115,15853;0;116,07696;0;1155,4462;0;2202,7979;0;1059,5925;0;0,000486247;0
201;04.09.2020 11:49:45;40,54;0;115,16864;0;116,08122;0;1155,508;0;2203,2028;0;1058,6655;0;0,000487309;0
202;04.09.2020 11:49:46;40,552;0;115,17799;0;116,08549;0;1155,5698;0;2203,5757;0;1057,7598;0;0,000488052;0
203;04.09.2020 11:49:47;40,565;0;115,18703;0;116,09294;0;1155,6284;0;2203,9593;0;1056,8754;0;0,000489008;0
204;04.09.2020 11:49:48;40,577;0;115,19607;0;116,09827;0;1155,6838;0;2204,3216;0;1055,991;0;0,000489326;0
205;04.09.2020 11:49:49;40,59;0;115,205;0;116,1004;0;1155,7392;0;2204,6732;0;1055,1706;0;0,000491769;0
206;04.09.2020 11:49:50;40,6;0;115,21404;0;116,10679;0;1155,7956;0;2205,0035;0;1054,3501;0;0,000492193;0
207;04.09.2020 11:49:51;40,612;0;115,22266;0;116,10999;0;1155,8468;0;2205,3765;0;1053,5723;0;0,000492618;0
208;04.09.2020 11:49:52;40,621;0;115,22999;0;116,11318;0;1155,8979;0;2205,6748;0;1052,7838;0;0,000494423;0
209;04.09.2020 11:49:53;40,631;0;115,23871;0;116,11745;0;1155,9469;0;2205,9945;0;1052,0379;0;0,000493999;0
210;04.09.2020 11:49:54;40,64;0;115,24669;0;116,12277;0;1155,9927;0;2206,3035;0;1051,3027;0;0,000494954;0
211;04.09.2020 11:49:55;40,649;0;115,25424;0;116,12597;0;1156,0407;0;2206,6018;0;1050,5782;0;0,000496229;0
212;04.09.2020 11:49:56;40,658;0;115,26104;0;116,1313;0;1156,0875;0;2206,8895;0;1049,8962;0;0,000497184;0
213;04.09.2020 11:49:57;40,666;0;115,26976;0;116,13343;0;1156,127;0;2207,1879;0;1049,2463;0;0,000497715;0
214;04.09.2020 11:49:58;40,675;0;115,27529;0;116,13662;0;1156,1717;0;2207,4756;0;1048,5748;0;0,000498671;0
215;04.09.2020 11:49:59;40,683;0;115,28221;0;116,13875;0;1156,2133;0;2207,7632;0;1047,9568;0;0,000499521;0
216;04.09.2020 11:50:00;40,692;0;115,28901;0;116,14301;0;1156,2527;0;2207,9977;0;1047,3281;0;0,000500158;0
217;04.09.2020 11:50:01;40,698;0;115,29507;0;116,14621;0;1156,29;0;2208,264;0;1046,7101;0;0,000500689;0
218;04.09.2020 11:50:02;40,705;0;115,30081;0;116,14941;0;1156,3294;0;2208,5198;0;1046,1347;0;0,000501644;0
219;04.09.2020 11:50:03;40,712;0;115,30773;0;116,15047;0;1156,3645;0;2208,7755;0;1045,5487;0;0,000501857;0
220;04.09.2020 11:50:04;40,719;0;115,31336;0;116,1526;0;1156,3997;0;2208,9993;0;1045,0053;0;0,000502813;0
221;04.09.2020 11:50:05;40,727;0;115,32017;0;116,15793;0;1156,4338;0;2209,2443;0;1044,4512;0;0,00050345;0
222;04.09.2020 11:50:06;40,732;0;115,32538;0;116,16006;0;1156,4679;0;2209,4468;0;1043,9184;0;0,00050345;0
223;04.09.2020 11:50:07;40,738;0;115,33027;0;116,16432;0;1156,4988;0;2209,6812;0;1043,4283;0;0,000505043;0
224;04.09.2020 11:50:08;40,746;0;115,33591;0;116,16645;0;1156,5307;0;2209,9156;0;1042,9062;0;0,000504936;0
225;04.09.2020 11:50:09;40,75;0;115,34112;0;116,16645;0;1156,5595;0;2210,0967;0;1042,4267;0;0,000505573;0
226;04.09.2020 11:50:10;40,754;0;115,34569;0;116,17071;0;1156,5915;0;2210,2885;0;1041,9579;0;0,000506423;0
227;04.09.2020 11:50:11;40,76;0;115,35154;0;116,17391;0;1156,6181;0;2210,5123;0;1041,4997;0;0,000506423;0
228;04.09.2020 11:50:12;40,764;0;115,35579;0;116,17497;0;1156,6458;0;2210,7041;0;1041,0522;0;0,000506529;0
229;04.09.2020 11:50:13;40,77;0;115,36111;0;116,17604;0;1156,6714;0;2210,8959;0;1040,6366;0;0,000508016;0
230;04.09.2020 11:50:14;40,773;0;115,36515;0;116,1803;0;1156,6969;0;2211,0557;0;1040,1997;0;0,000508334;0
231;04.09.2020 11:50:15;40,779;0;115,36941;0;116,18137;0;1156,7193;0;2211,2475;0;1039,8055;0;0,000508334;0
232;04.09.2020 11:50:16;40,781;0;115,37323;0;116,1835;0;1156,7438;0;2211,3967;0;1039,4113;0;0,000509184;0
233;04.09.2020 11:50:17;40,787;0;115,3793;0;116,18563;0;1156,7683;0;2211,5885;0;1039,0277;0;0,000509184;0
234;04.09.2020 11:50:18;40,789;0;115,38227;0;116,18669;0;1156,7885;0;2211,7483;0;1038,6547;0;0,000509503;0
235;04.09.2020 11:50:19;40,794;0;115,38525;0;116,18882;0;1156,8109;0;2211,8868;0;1038,2925;0;0,000510564;0
236;04.09.2020 11:50:20;40,798;0;115,38929;0;116,19095;0;1156,8301;0;2212,0573;0;1037,9408;0;0,000511095;0
237;04.09.2020 11:50:21;40,8;0;115,39376;0;116,19095;0;1156,8525;0;2212,1745;0;1037,5999;0;0,000511308;0
238;04.09.2020 11:50:22;40,803;0;115,39663;0;116,19095;0;1156,8695;0;2212,3344;0;1037,2802;0;0,000512263;0
239;04.09.2020 11:50:23;40,806;0;115,40088;0;116,19415;0;1156,8897;0;2212,4942;0;1036,9392;0;0,000512476;0
240;04.09.2020 11:50:24;40,807;0;115,40322;0;116,19522;0;1156,9079;0;2212,6007;0;1036,6302;0;0,000512582;0
241;04.09.2020 11:50:25;40,809;0;115,40726;0;116,19841;0;1156,9249;0;2212,7286;0;1036,3212;0;0,000512901;0
242;04.09.2020 11:50:26;40,814;0;115,41024;0;116,19948;0;1156,9398;0;2212,8565;0;1036,0548;0;0,000513325;0
243;04.09.2020 11:50:27;40,817;0;115,41301;0;116,20054;0;1156,9558;0;2212,9843;0;1035,7565;0;0,000513219;0
244;04.09.2020 11:50:28;40,818;0;115,4163;0;116,20267;0;1156,9739;0;2213,1015;0;1035,4795;0;0,000513644;0
245;04.09.2020 11:50:29;40,822;0;115,41939;0;116,20161;0;1156,9867;0;2213,24;0;1035,2237;0;0,000514175;0
246;04.09.2020 11:50:30;40,824;0;115,42236;0;116,20374;0;1157,0016;0;2213,3679;0;1034,968;0;0,000513963;0
247;04.09.2020 11:50:31;40,825;0;115,42534;0;116,20374;0;1157,0176;0;2213,4638;0;1034,7123;0;0,000514493;0
248;04.09.2020 11:50:32;40,827;0;115,42704;0;116,20587;0;1157,0304;0;2213,5491;0;1034,4672;0;0,000515343;0
249;04.09.2020 11:50:33;40,828;0;115,42991;0;116,20587;0;1157,041;0;2213,6663;0;1034,2328;0;0,000515237;0
250;04.09.2020 11:50:34;40,832;0;115,43374;0;116,208;0;1157,0538;0;2213,7622;0;1034,009;0;0,000515024;0
251;04.09.2020 11:50:35;40,831;0;115,4347;0;116,20907;0;1157,0677;0;2213,8581;0;1033,7853;0;0,000515874;0
252;04.09.2020 11:50:36;40,834;0;115,43799;0;116,208;0;1157,0794;0;2213,954;0;1033,5615;0;0,000516511;0
253;04.09.2020 11:50:37;40,837;0;115,44002;0;116,20907;0;1157,0911;0;2214,0392;0;1033,3591;0;0,000517148;0
254;04.09.2020 11:50:38;40,839;0;115,4415;0;116,2112;0;1157,1007;0;2214,1244;0;1033,1566;0;0,000516299;0
255;04.09.2020 11:50:39;40,837;0;115,44384;0;116,21226;0;1157,1113;0;2214,2097;0;1032,9435;0;0,000516723;0
256;04.09.2020 11:50:40;40,839;0;115,44671;0;116,2112;0;1157,1209;0;2214,2949;0;1032,7624;0;0,000516405;0
257;04.09.2020 11:50:41;40,842;0;115,44842;0;116,21333;0;1157,1305;0;2214,3695;0;1032,5812;0;0,000516299;0
258;04.09.2020 11:50:42;40,842;0;115,45022;0;116,21333;0;1157,1412;0;2214,4547;0;1032,4001;0;0,000517998;0
259;04.09.2020 11:50:43;40,845;0;115,45129;0;116,21333;0;1157,1465;0;2214,5187;0;1032,2509;0;0,000517679;0
260;04.09.2020 11:50:44;40,845;0;115,45373;0;116,21546;0;1157,1561;0;2214,5933;0;1032,0804;0;0,000517467;0
261;04.09.2020 11:50:45;40,847;0;115,45618;0;116,21652;0;1157,1646;0;2214,6785;0;1031,9099;0;0,000517254;0
262;04.09.2020 11:50:46;40,848;0;115,45714;0;116,21546;0;1157,1721;0;2214,7531;0;1031,7501;0;0,00051821;0
263;04.09.2020 11:50:47;40,848;0;115,45905;0;116,21439;0;1157,1806;0;2214,7957;0;1031,6009;0;0,00051821;0
264;04.09.2020 11:50:48;40,85;0;115,46033;0;116,21759;0;1157,188;0;2214,881;0;1031,4624;0;0,000518104;0
265;04.09.2020 11:50:49;40,848;0;115,46203;0;116,21865;0;1157,1944;0;2214,9342;0;1031,3346;0;0,000518741;0
266;04.09.2020 11:50:50;40,851;0;115,46352;0;116,21865;0;1157,203;0;2214,9982;0;1031,1641;0;0,000518635;0
267;04.09.2020 11:50:51;40,85;0;115,465;0;116,21972;0;1157,2083;0;2215,0514;0;1031,0469;0;0,000518529;0
268;04.09.2020 11:50:52;40,852;0;115,46671;0;116,21865;0;1157,2136;0;2215,1154;0;1030,9297;0;0,000518847;0
269;04.09.2020 11:50:53;40,852;0;115,46713;0;116,21972;0;1157,2179;0;2215,158;0;1030,8125;0;0,000519697;0
270;04.09.2020 11:50:54;40,852;0;115,46936;0;116,21972;0;1157,2232;0;2215,2006;0;1030,6739;0;0,000520653;0
271;04.09.2020 11:50:55;40,854;0;115,47085;0;116,21972;0;1157,2296;0;2215,2539;0;1030,5567;0;0,000519378;0
272;04.09.2020 11:50:56;40,855;0;115,4717;0;116,22078;0;1157,2349;0;2215,3285;0;1030,4502;0;0,00051906;0
273;04.09.2020 11:50:57;40,855;0;115,47351;0;116,22078;0;1157,2371;0;2215,3604;0;1030,3543;0;0,000519697;0
274;04.09.2020 11:50:58;40,856;0;115,47426;0;116,22185;0;1157,2434;0;2215,4031;0;1030,2477;0;0,000519909;0
275;04.09.2020 11:50:59;40,855;0;115,47489;0;116,22078;0;1157,2456;0;2215,4457;0;1030,1412;0;0,000520228;0
276;04.09.2020 11:51:00;40,854;0;115,47628;0;116,22078;0;1157,2509;0;2215,4777;0;1030,0559;0;0,000520228;0
277;04.09.2020 11:51:01;40,855;0;115,47723;0;116,22292;0;1157,253;0;2215,5203;0;1029,9387;0;0,000519378;0
278;04.09.2020 11:51:02;40,856;0;115,47883;0;116,22185;0;1157,2562;0;2215,5629;0;1029,8641;0;0,000519909;0
279;04.09.2020 11:51:03;40,855;0;115,47925;0;116,22185;0;1157,2605;0;2215,5842;0;1029,7896;0;0,000519591;0
280;04.09.2020 11:51:04;40,855;0;115,47979;0;116,22185;0;1157,2648;0;2215,6588;0;1029,7043;0;0,000520015;0
281;04.09.2020 11:51:05;40,855;0;115,48149;0;116,22292;0;1157,2658;0;2215,6801;0;1029,6297;0;0,000520228;0
282;04.09.2020 11:51:06;40,857;0;115,48298;0;116,22292;0;1157,269;0;2215,7121;0;1029,5658;0;0,000519909;0
283;04.09.2020 11:51:07;40,857;0;115,48234;0;116,22185;0;1157,2701;0;2215,7334;0;1029,4805;0;0,000520122;0
284;04.09.2020 11:51:08;40,857;0;115,4833;0;116,22292;0;1157,2733;0;2215,776;0;1029,4166;0;0,000521396;0
285;04.09.2020 11:51:09;40,856;0;115,48425;0;116,22185;0;1157,2765;0;2215,7973;0;1029,3633;0;0,000520546;0
286;04.09.2020 11:51:10;40,855;0;115,48468;0;116,22292;0;1157,2754;0;2215,8293;0;1029,2888;0;0,000520653;0
287;04.09.2020 11:51:11;40,855;0;115,48563;0;116,22185;0;1157,2786;0;2215,8506;0;1029,2035;0;0,000520546;0
288;04.09.2020 11:51:12;40,856;0;115,48574;0;116,22292;0;1157,2807;0;2215,8826;0;1029,1609;0;0,000520971;0
289;04.09.2020 11:51:13;40,857;0;115,48649;0;116,22292;0;1157,2818;0;2215,9039;0;1029,1076;0;0,000522139;0
290;04.09.2020 11:51:14;40,856;0;115,48712;0;116,22292;0;1157,285;0;2215,9252;0;1029,0543;0;0,000521396;0
291;04.09.2020 11:51:15;40,855;0;115,48882;0;116,22292;0;1157,285;0;2215,9465;0;1029,0011;0;0,000521077;0
292;04.09.2020 11:51:16;40,853;0;115,48797;0;116,22398;0;1157,2871;0;2215,9891;0;1028,9584;0;0,000520865;0
293;04.09.2020 11:51:17;40,856;0;115,48882;0;116,22292;0;1157,2893;0;2215,9891;0;1028,9052;0;0,000520865;0
294;04.09.2020 11:51:18;40,856;0;115,48893;0;116,22078;0;1157,2903;0;2216,0211;0;1028,8625;0;0,000520865;0
295;04.09.2020 11:51:19;40,855;0;115,49021;0;116,22078;0;1157,2903;0;2216,0317;0;1028,8093;0;0,000521608;0
296;04.09.2020 11:51:20;40,855;0;115,49159;0;116,22292;0;1157,2903;0;2216,053;0;1028,7773;0;0,000521608;0
297;04.09.2020 11:51:21;40,855;0;115,49148;0;116,22398;0;1157,2935;0;2216,0743;0;1028,7453;0;0,000521183;0
298;04.09.2020 11:51:22;40,853;0;115,49106;0;116,22292;0;1157,2924;0;2216,085;0;1028,6921;0;0,000521821;0
299;04.09.2020 11:51:23;40,854;0;115,49202;0;116,22185;0;1157,2935;0;2216,0957;0;1028,6601;0;0,00052129;0
300;04.09.2020 11:51:24;40,856;0;115,49202;0;116,22398;0;1157,2946;0;2216,1383;0;1028,6068;0;0,000521077;0
301;04.09.2020 11:51:25;40,856;0;115,49244;0;116,22505;0;1157,2956;0;2216,1489;0;1028,5749;0;0,000521714;0
302;04.09.2020 11:51:26;40,855;0;115,49308;0;116,22292;0;1157,2956;0;2216,1702;0;1028,5322;0;0,000521608;0
303;04.09.2020 11:51:27;40,855;0;115,49297;0;116,22292;0;1157,2956;0;2216,1916;0;1028,5109;0;0,000521077;0
304;04.09.2020 11:51:28;40,856;0;115,49372;0;116,22398;0;1157,2946;0;2216,2022;0;1028,479;0;0,000521714;0
305;04.09.2020 11:51:29;40,854;0;115,49361;0;116,22185;0;1157,2967;0;2216,1916;0;1028,4683;0;0,000521714;0
306;04.09.2020 11:51:30;40,853;0;115,49457;0;116,22292;0;1157,2967;0;2216,2022;0;1028,4257;0;0,000521608;0
307;04.09.2020 11:51:31;40,853;0;115,4951;0;116,22398;0;1157,2956;0;2216,2129;0;1028,4044;0;0,000522033;0
308;04.09.2020 11:51:32;40,855;0;115,49521;0;116,22505;0;1157,2956;0;2216,2448;0;1028,3724;0;0,000521821;0
309;04.09.2020 11:51:33;40,854;0;115,49552;0;116,22292;0;1157,2967;0;2216,2448;0;1028,3724;0;0,000521927;0
310;04.09.2020 11:51:34;40,855;0;115,49499;0;116,22398;0;1157,2967;0;2216,2555;0;1028,3298;0;0,00052129;0
311;04.09.2020 11:51:35;40,854;0;115,49574;0;116,22505;0;1157,2956;0;2216,2555;0;1028,2872;0;0,000521927;0
312;04.09.2020 11:51:36;40,853;0;115,49584;0;116,22292;0;1157,2967;0;2216,2661;0;1028,2978;0;0,000522352;0
313;04.09.2020 11:51:37;40,852;0;115,49595;0;116,22292;0;1157,2946;0;2216,2661;0;1028,2552;0;0,000521714;0
314;04.09.2020 11:51:38;40,85;0;115,49637;0;116,22185;0;1157,2935;0;2216,2768;0;1028,2658;0;0,000522033;0
315;04.09.2020 11:51:39;40,851;0;115,49669;0;116,22505;0;1157,2946;0;2216,2875;0;1028,2232;0;0,000522139;0
316;04.09.2020 11:51:40;40,852;0;115,49627;0;116,22292;0;1157,2924;0;2216,3088;0;1028,2339;0;0,000521927;0
317;04.09.2020 11:51:41;40,85;0;115,49733;0;116,22292;0;1157,2935;0;2216,3088;0;1028,2019;0;0,000521502;0
318;04.09.2020 11:51:42;40,852;0;115,49712;0;116,22185;0;1157,2924;0;2216,2981;0;1028,1913;0;0,000521502;0
319;04.09.2020 11:51:43;40,849;0;115,4968;0;116,22398;0;1157,2914;0;2216,3194;0;1028,1593;0;0,000522458;0
320;04.09.2020 11:51:44;40,851;0;115,49797;0;116,22185;0;1157,2924;0;2216,3088;0;1028,1806;0;0,000522458;0
321;04.09.2020 11:51:45;40,852;0;115,49669;0;116,22292;0;1157,2903;0;2216,3407;0;1028,17;0;0,00052267;0
322;04.09.2020 11:51:46;40,849;0;115,49829;0;116,22398;0;1157,2903;0;2216,3301;0;1028,1486;0;0,00052129;0
323;04.09.2020 11:51:47;40,849;0;115,49744;0;116,22185;0;1157,2893;0;2216,3301;0;1028,1593;0;0,000522033;0
324;04.09.2020 11:51:48;40,849;0;115,49754;0;116,22292;0;1157,2882;0;2216,3514;0;1028,138;0;0,000522352;0
325;04.09.2020 11:51:49;40,848;0;115,4985;0;116,22185;0;1157,2871;0;2216,3194;0;1028,138;0;0,000522245;0
326;04.09.2020 11:51:50;40,847;0;115,49754;0;116,22292;0;1157,2871;0;2216,3514;0;1028,138;0;0,000521714;0
327;04.09.2020 11:51:51;40,848;0;115,4984;0;116,22078;0;1157,2861;0;2216,3407;0;1028,138;0;0,000522245;0
328;04.09.2020 11:51:52;40,847;0;115,49935;0;116,22292;0;1157,285;0;2216,3514;0;1028,1167;0;0,000522033;0
329;04.09.2020 11:51:53;40,849;0;115,49723;0;116,22292;0;1157,285;0;2216,362;0;1028,0954;0;0,000522139;0
330;04.09.2020 11:51:54;40,848;0;115,49818;0;116,22185;0;1157,285;0;2216,3407;0;1028,0847;0;0,000521821;0
331;04.09.2020 11:51:55;40,845;0;115,49744;0;116,22078;0;1157,2829;0;2216,3514;0;1028,0847;0;0,000521608;0
332;04.09.2020 11:51:56;40,846;0;115,49893;0;116,22078;0;1157,2818;0;2216,3407;0;1028,0847;0;0,000521927;0
333;04.09.2020 11:51:57;40,847;0;115,49818;0;116,22292;0;1157,2818;0;2216,3514;0;1028,0847;0;0,000521502;0
334;04.09.2020 11:51:58;40,848;0;115,49829;0;116,22398;0;1157,2797;0;2216,362;0;1028,0847;0;0,000520865;0
335;04.09.2020 11:51:59;40,847;0;115,4984;0;116,22185;0;1157,2786;0;2216,362;0;1028,0847;0;0,000521714;0
336;04.09.2020 11:52:00;40,847;0;115,49861;0;116,22185;0;1157,2775;0;2216,3727;0;1028,0741;0;0,000522139;0
337;04.09.2020 11:52:01;40,845;0;115,49871;0;116,21972;0;1157,2786;0;2216,3727;0;1028,0741;0;0,000521714;0
338;04.09.2020 11:52:02;40,847;0;115,49935;0;116,22185;0;1157,2775;0;2216,3514;0;1028,0741;0;0,000521714;0
339;04.09.2020 11:52:03;40,844;0;115,49818;0;116,22078;0;1157,2765;0;2216,3514;0;1028,0741;0;0,000521183;0
340;04.09.2020 11:52:04;40,843;0;115,49903;0;116,22185;0;1157,2743;0;2216,362;0;1028,0741;0;0,000521396;0
341;04.09.2020 11:52:05;40,846;0;115,49797;0;116,22185;0;1157,2733;0;2216,3727;0;1028,0741;0;0,000521608;0
342;04.09.2020 11:52:06;40,845;0;115,49786;0;116,22292;0;1157,2722;0;2216,3834;0;1028,0634;0;0,00052129;0
343;04.09.2020 11:52:07;40,846;0;115,49797;0;116,22185;0;1157,2711;0;2216,3407;0;1028,0741;0;0,000521821;0
344;04.09.2020 11:52:08;40,843;0;115,49818;0;116,22398;0;1157,2711;0;2216,362;0;1028,0741;0;0,000522139;0
345;04.09.2020 11:52:09;40,844;0;115,49861;0;116,22078;0;1157,269;0;2216,3727;0;1028,0741;0;0,000521821;0
346;04.09.2020 11:52:10;40,844;0;115,49882;0;116,22078;0;1157,269;0;2216,3727;0;1028,0847;0;0,000521396;0
347;04.09.2020 11:52:11;40,842;0;115,4984;0;116,22078;0;1157,2679;0;2216,3727;0;1028,0741;0;0,000521608;0
348;04.09.2020 11:52:12;40,843;0;115,49797;0;116,21972;0;1157,269;0;2216,3727;0;1028,0741;0;0,000521821;0
349;04.09.2020 11:52:13;40,844;0;115,49818;0;116,22078;0;1157,2658;0;2216,362;0;1028,0847;0;0,000520759;0
350;04.09.2020 11:52:14;40,844;0;115,49882;0;116,22185;0;1157,2669;0;2216,362;0;1028,106;0;0,000522245;0
351;04.09.2020 11:52:15;40,844;0;115,4985;0;116,22185;0;1157,2658;0;2216,3514;0;1028,0741;0;0,000521396;0
352;04.09.2020 11:52:16;40,843;0;115,49786;0;116,22078;0;1157,2637;0;2216,362;0;1028,0847;0;0,000521608;0
353;04.09.2020 11:52:17;40,843;0;115,49808;0;116,22292;0;1157,2626;0;2216,3514;0;1028,0741;0;0,000520971;0
354;04.09.2020 11:52:18;40,844;0;115,4984;0;116,21972;0;1157,2637;0;2216,3514;0;1028,0954;0;0,000520759;0
355;04.09.2020 11:52:19;40,841;0;115,49818;0;116,21972;0;1157,2616;0;2216,362;0;1028,0847;0;0,000521077;0
356;04.09.2020 11:52:20;40,841;0;115,49797;0;116,22078;0;1157,2605;0;2216,3407;0;1028,0954;0;0,000522033;0
357;04.09.2020 11:52:21;40,842;0;115,4984;0;116,21972;0;1157,2605;0;2216,3727;0;1028,0954;0;0,000521183;0
358;04.09.2020 11:52:22;40,841;0;115,49765;0;116,21972;0;1157,2584;0;2216,3514;0;1028,106;0;0,000522245;0
359;04.09.2020 11:52:23;40,842;0;115,49808;0;116,22078;0;1157,2562;0;2216,3514;0;1028,1167;0;0,000522033;0
360;04.09.2020 11:52:24;40,841;0;115,49765;0;116,21865;0;1157,2573;0;2216,3514;0;1028,1273;0;0,00052129;0
361;04.09.2020 11:52:25;40,842;0;115,49797;0;116,21972;0;1157,2562;0;2216,3514;0;1028,1167;0;0,000520653;0
362;04.09.2020 11:52:26;40,841;0;115,49776;0;116,21972;0;1157,2541;0;2216,3407;0;1028,1167;0;0,000522033;0
363;04.09.2020 11:52:27;40,841;0;115,49786;0;116,21865;0;1157,2541;0;2216,3407;0;1028,1167;0;0,000521502;0
364;04.09.2020 11:52:28;40,839;0;115,49776;0;116,21972;0;1157,253;0;2216,3407;0;1028,138;0;0,000521608;0
365;04.09.2020 11:52:29;40,839;0;115,49754;0;116,21972;0;1157,252;0;2216,3514;0;1028,138;0;0,000521396;0
366;04.09.2020 11:52:30;40,841;0;115,49733;0;116,21865;0;1157,2488;0;2216,362;0;1028,138;0;0,000522139;0
367;04.09.2020 11:52:31;40,839;0;115,49776;0;116,21865;0;1157,2498;0;2216,3407;0;1028,1593;0;0,000521608;0
368;04.09.2020 11:52:32;40,84;0;115,49786;0;116,21865;0;1157,2498;0;2216,3301;0;1028,17;0;0,000520334;0
369;04.09.2020 11:52:33;40,841;0;115,49786;0;116,21865;0;1157,2477;0;2216,3194;0;1028,1486;0;0,000520334;0
370;04.09.2020 11:52:34;40,839;0;115,49797;0;116,21759;0;1157,2445;0;2216,3301;0;1028,1593;0;0,000521502;0
371;04.09.2020 11:52:35;40,837;0;115,49786;0;116,22078;0;1157,2456;0;2216,3194;0;1028,1486;0;0,00052129;0
372;04.09.2020 11:52:36;40,841;0;115,49786;0;116,21865;0;1157,2445;0;2216,3301;0;1028,1806;0;0,00052129;0
373;04.09.2020 11:52:37;40,839;0;115,49744;0;116,21972;0;1157,2445;0;2216,3301;0;1028,17;0;0,000520653;0
374;04.09.2020 11:52:38;40,839;0;115,49744;0;116,21972;0;1157,2424;0;2216,3194;0;1028,1806;0;0,000521927;0
375;04.09.2020 11:52:39;40,839;0;115,49691;0;116,21972;0;1157,2424;0;2216,3194;0;1028,1913;0;0,00052129;0
376;04.09.2020 11:52:40;40,839;0;115,49723;0;116,21865;0;1157,2413;0;2216,3301;0;1028,2019;0;0,000520971;0
377;04.09.2020 11:52:41;40,838;0;115,49723;0;116,21865;0;1157,2402;0;2216,3301;0;1028,1913;0;0,000521502;0
378;04.09.2020 11:52:42;40,838;0;115,49723;0;116,21865;0;1157,2381;0;2216,3194;0;1028,2126;0;0,000520334;0
379;04.09.2020 11:52:43;40,836;0;115,49659;0;116,22185;0;1157,2392;0;2216,3088;0;1028,2232;0;0,000521608;0
380;04.09.2020 11:52:44;40,837;0;115,49648;0;116,21865;0;1157,2371;0;2216,2981;0;1028,2232;0;0,000520865;0
381;04.09.2020 11:52:45;40,837;0;115,49733;0;116,21865;0;1157,2371;0;2216,3088;0;1028,2232;0;0,000520865;0
382;04.09.2020 11:52:46;40,837;0;115,49637;0;116,21865;0;1157,236;0;2216,2875;0;1028,2126;0;0,000521714;0
383;04.09.2020 11:52:47;40,837;0;115,49606;0;116,21865;0;1157,2349;0;2216,3088;0;1028,2339;0;0,000520865;0
384;04.09.2020 11:52:48;40,837;0;115,49616;0;116,21759;0;1157,2339;0;2216,3407;0;1028,2232;0;0,000520865;0
385;04.09.2020 11:52:49;40,839;0;115,49701;0;116,21972;0;1157,2339;0;2216,2875;0;1028,2445;0;0,000520971;0
386;04.09.2020 11:52:50;40,837;0;115,4968;0;116,22078;0;1157,2328;0;2216,3088;0;1028,2445;0;0,000520546;0
387;04.09.2020 11:52:51;40,839;0;115,49627;0;116,21972;0;1157,2328;0;2216,2981;0;1028,2552;0;0,000520759;0
388;04.09.2020 11:52:52;40,837;0;115,49701;0;116,22078;0;1157,2328;0;2216,3194;0;1028,2552;0;0,000519697;0
389;04.09.2020 11:52:53;40,838;0;115,4968;0;116,21865;0;1157,2317;0;2216,2875;0;1028,2552;0;0,000521077;0
390;04.09.2020 11:52:54;40,836;0;115,49637;0;116,21865;0;1157,2296;0;2216,2981;0;1028,2658;0;0,000519803;0
391;04.09.2020 11:52:55;40,837;0;115,49659;0;116,21759;0;1157,2296;0;2216,2981;0;1028,2658;0;0,000520865;0
392;04.09.2020 11:52:56;40,836;0;115,49659;0;116,22078;0;1157,2296;0;2216,2768;0;1028,2658;0;0,000521077;0
393;04.09.2020 11:52:57;40,837;0;115,49595;0;116,21972;0;1157,2296;0;2216,2768;0;1028,2765;0;0,000520865;0
394;04.09.2020 11:52:58;40,838;0;115,49606;0;116,21972;0;1157,2296;0;2216,2768;0;1028,2765;0;0,00052129;0
395;04.09.2020 11:52:59;40,837;0;115,49606;0;116,21865;0;1157,2275;0;2216,2768;0;1028,2872;0;0,000520759;0
396;04.09.2020 11:53:00;40,837;0;115,49563;0;116,21759;0;1157,2275;0;2216,2661;0;1028,2658;0;0,00052044;0
397;04.09.2020 11:53:01;40,837;0;115,49616;0;116,21972;0;1157,2275;0;2216,2768;0;1028,2658;0;0,000520865;0
398;04.09.2020 11:53:02;40,837;0;115,49563;0;116,21972;0;1157,2285;0;2216,2768;0;1028,2872;0;0,000520334;0
399;04.09.2020 11:53:03;40,837;0;115,49574;0;116,21865;0;1157,2253;0;2216,2875;0;1028,2872;0;0,000520653;0
400;04.09.2020 11:53:04;40,835;0;115,49595;0;116,22078;0;1157,2264;0;2216,2555;0;1028,3085;0;0,000520334;0
401;04.09.2020 11:53:05;40,837;0;115,49648;0;116,21865;0;1157,2253;0;2216,2555;0;1028,2872;0;0,000520015;0
402;04.09.2020 11:53:06;40,836;0;115,49574;0;116,21759;0;1157,2253;0;2216,2555;0;1028,2978;0;0,000520122;0
403;04.09.2020 11:53:07;40,839;0;115,49499;0;116,21972;0;1157,2253;0;2216,2661;0;1028,3191;0;0,000520546;0
404;04.09.2020 11:53:08;40,839;0;115,49563;0;116,21759;0;1157,2243;0;2216,2661;0;1028,3085;0;0,00051906;0
405;04.09.2020 11:53:09;40,836;0;115,49521;0;116,21759;0;1157,2243;0;2216,2448;0;1028,2978;0;0,000520759;0
406;04.09.2020 11:53:10;40,836;0;115,49542;0;116,21652;0;1157,2264;0;2216,2448;0;1028,2978;0;0,000520653;0
407;04.09.2020 11:53:11;40,835;0;115,49563;0;116,21759;0;1157,2221;0;2216,2448;0;1028,3085;0;0,000520971;0
408;04.09.2020 11:53:12;40,837;0;115,49531;0;116,21652;0;1157,2243;0;2216,2448;0;1028,3298;0;0,000520015;0
409;04.09.2020 11:53:13;40,835;0;115,49563;0;116,21652;0;1157,2243;0;2216,2555;0;1028,3085;0;0,000521077;0
410;04.09.2020 11:53:14;40,837;0;115,49584;0;116,21652;0;1157,2221;0;2216,2661;0;1028,3298;0;0,000520228;0
411;04.09.2020 11:53:15;40,836;0;115,49531;0;116,21652;0;1157,2221;0;2216,2661;0;1028,3191;0;0,000520759;0
412;04.09.2020 11:53:16;40,835;0;115,49489;0;116,21652;0;1157,2211;0;2216,2448;0;1028,3298;0;0,000519697;0
413;04.09.2020 11:53:17;40,836;0;115,49595;0;116,21759;0;1157,22;0;2216,2768;0;1028,3191;0;0,000520122;0
414;04.09.2020 11:53:18;40,838;0;115,49542;0;116,21759;0;1157,2211;0;2216,2555;0;1028,3404;0;0,000520334;0
415;04.09.2020 11:53:19;40,836;0;115,49457;0;116,21759;0;1157,22;0;2216,2555;0;1028,3298;0;0,000519697;0
416;04.09.2020 11:53:20;40,836;0;115,49542;0;116,21759;0;1157,22;0;2216,2342;0;1028,3404;0;0,000520546;0
417;04.09.2020 11:53:21;40,835;0;115,49542;0;116,21759;0;1157,2189;0;2216,2768;0;1028,3404;0;0,000520122;0
418;04.09.2020 11:53:22;40,837;0;115,49542;0;116,21759;0;1157,2189;0;2216,2661;0;1028,3298;0;0,00052044;0
419;04.09.2020 11:53:23;40,836;0;115,49499;0;116,21759;0;1157,22;0;2216,2555;0;1028,3404;0;0,000519697;0
420;04.09.2020 11:53:24;40,836;0;115,49499;0;116,21759;0;1157,2168;0;2216,2555;0;1028,3404;0;0,000519697;0
421;04.09.2020 11:53:25;40,836;0;115,49499;0;116,21865;0;1157,2179;0;2216,2342;0;1028,3404;0;0,000520015;0
422;04.09.2020 11:53:26;40,837;0;115,49467;0;116,21759;0;1157,2179;0;2216,2342;0;1028,3404;0;0,000520228;0
423;04.09.2020 11:53:27;40,836;0;115,49457;0;116,21865;0;1157,2179;0;2216,2555;0;1028,3511;0;0,000520122;0
424;04.09.2020 11:53:28;40,836;0;115,49446;0;116,21652;0;1157,2179;0;2216,2448;0;1028,3404;0;0,000519909;0
425;04.09.2020 11:53:29;40,837;0;115,49489;0;116,21652;0;1157,2168;0;2216,2342;0;1028,3511;0;0,000520122;0
426;04.09.2020 11:53:30;40,836;0;115,49489;0;116,21759;0;1157,2189;0;2216,2448;0;1028,3511;0;0,00051906;0
427;04.09.2020 11:53:31;40,836;0;115,49521;0;116,21865;0;1157,2189;0;2216,2342;0;1028,3617;0;0,000520122;0
428;04.09.2020 11:53:32;40,837;0;115,49414;0;116,21759;0;1157,2179;0;2216,2342;0;1028,3511;0;0,000520228;0
429;04.09.2020 11:53:33;40,834;0;115,4951;0;116,21865;0;1157,2179;0;2216,2448;0;1028,3511;0;0,000520228;0
430;04.09.2020 11:53:34;40,84;0;115,49584;0;116,21652;0;1157,2179;0;2216,2448;0;1028,3511;0;0,000519803;0
431;04.09.2020 11:53:35;40,837;0;115,49584;0;116,21652;0;1157,2179;0;2216,2129;0;1028,3617;0;0,000520015;0
432;04.09.2020 11:53:36;40,839;0;115,49552;0;116,21652;0;1157,2168;0;2216,2448;0;1028,3511;0;0,00051906;0
433;04.09.2020 11:53:37;40,837;0;115,49521;0;116,21546;0;1157,2168;0;2216,2448;0;1028,3511;0;0,000519166;0
434;04.09.2020 11:53:38;40,838;0;115,49499;0;116,21865;0;1157,2179;0;2216,2448;0;1028,3404;0;0,000519697;0
435;04.09.2020 11:53:39;40,837;0;115,49531;0;116,21652;0;1157,2157;0;2216,2448;0;1028,3511;0;0,000519803;0
436;04.09.2020 11:53:40;40,839;0;115,49521;0;116,21759;0;1157,22;0;2216,2448;0;1028,3404;0;0,000520122;0
437;04.09.2020 11:53:41;40,837;0;115,49606;0;116,21865;0;1157,2179;0;2216,2235;0;1028,3511;0;0,000519484;0
438;04.09.2020 11:53:42;40,837;0;115,49478;0;116,22078;0;1157,2189;0;2216,2448;0;1028,3617;0;0,000520015;0
439;04.09.2020 11:53:43;40,837;0;115,49478;0;116,21972;0;1157,2179;0;2216,2448;0;1028,3404;0;0,000519272;0
440;04.09.2020 11:53:44;40,839;0;115,49499;0;116,21972;0;1157,2157;0;2216,2235;0;1028,3511;0;0,000519272;0
441;04.09.2020 11:53:45;40,839;0;115,49499;0;116,21652;0;1157,2179;0;2216,2342;0;1028,3724;0;0,000520334;0
442;04.09.2020 11:53:46;40,838;0;115,49531;0;116,21546;0;1157,2189;0;2216,2342;0;1028,3511;0;0,000519909;0
443;04.09.2020 11:53:47;40,837;0;115,49563;0;116,21865;0;1157,2157;0;2216,2342;0;1028,3617;0;0,000519378;0
444;04.09.2020 11:53:48;40,837;0;115,49499;0;116,21865;0;1157,2179;0;2216,2448;0;1028,3511;0;0,000520228;0
445;04.09.2020 11:53:49;40,837;0;115,4951;0;116,21865;0;1157,2189;0;2216,2555;0;1028,3511;0;0,000519591;0
446;04.09.2020 11:53:50;40,837;0;115,49489;0;116,21759;0;1157,2168;0;2216,2661;0;1028,3404;0;0,000519803;0
447;04.09.2020 11:53:51;40,838;0;115,49552;0;116,21972;0;1157,2189;0;2216,2555;0;1028,3511;0;0,000519378;0
448;04.09.2020 11:53:52;40,838;0;115,49552;0;116,21972;0;1157,2189;0;2216,2555;0;1028,3617;0;0,000519591;0
449;04.09.2020 11:53:53;40,837;0;115,49414;0;116,21759;0;1157,2189;0;2216,2448;0;1028,3617;0;0,000519697;0
450;04.09.2020 11:53:54;40,837;0;115,49478;0;116,21972;0;1157,2189;0;2216,2448;0;1028,3511;0;0,000519378;0
451;04.09.2020 11:53:55;40,84;0;115,49499;0;116,21865;0;1157,2189;0;2216,2448;0;1028,3298;0;0,000519378;0
452;04.09.2020 11:53:56;40,839;0;115,49478;0;116,21865;0;1157,2179;0;2216,2661;0;1028,3511;0;0,000519697;0
453;04.09.2020 11:53:57;40,837;0;115,49542;0;116,21865;0;1157,2179;0;2216,2555;0;1028,3617;0;0,000519166;0
454;04.09.2020 11:53:58;40,837;0;115,49552;0;116,21865;0;1157,2189;0;2216,2555;0;1028,3404;0;0,000519591;0
455;04.09.2020 11:53:59;40,839;0;115,4951;0;116,21972;0;1157,22;0;2216,2448;0;1028,3511;0;0,000518953;0
456;04.09.2020 11:54:00;40,837;0;115,49542;0;116,21759;0;1157,2189;0;2216,2448;0;1028,3511;0;0,000519484;0
457;04.09.2020 11:54:01;40,838;0;115,49489;0;116,22078;0;1157,22;0;2216,2661;0;1028,3511;0;0,000519909;0
458;04.09.2020 11:54:02;40,837;0;115,49489;0;116,21865;0;1157,22;0;2216,2342;0;1028,3404;0;0,000519378;0
459;04.09.2020 11:54:03;40,838;0;115,49425;0;116,21972;0;1157,2189;0;2216,2661;0;1028,3191;0;0,000519803;0
460;04.09.2020 11:54:04;40,837;0;115,49531;0;116,21865;0;1157,2179;0;2216,2661;0;1028,3404;0;0,000519166;0
461;04.09.2020 11:54:05;40,84;0;115,49489;0;116,21972;0;1157,2189;0;2216,2555;0;1028,3298;0;0,000518953;0
462;04.09.2020 11:54:06;40,84;0;115,49542;0;116,21865;0;1157,2189;0;2216,2448;0;1028,3191;0;0,000519803;0
463;04.09.2020 11:54:07;40,838;0;115,49489;0;116,21865;0;1157,22;0;2216,2448;0;1028,3298;0;0,000518953;0
464;04.09.2020 11:54:08;40,84;0;115,49467;0;116,22185;0;1157,22;0;2216,2768;0;1028,3191;0;0,000518847;0
465;04.09.2020 11:54:09;40,841;0;115,4951;0;116,21865;0;1157,22;0;2216,2448;0;1028,3404;0;0,000518953;0
466;04.09.2020 11:54:10;40,84;0;115,49499;0;116,21865;0;1157,2189;0;2216,2555;0;1028,3298;0;0,00051906;0
467;04.09.2020 11:54:11;40,838;0;115,49467;0;116,22292;0;1157,2189;0;2216,2555;0;1028,3191;0;0,000519484;0
468;04.09.2020 11:54:12;40,838;0;115,49552;0;116,21865;0;1157,2211;0;2216,2875;0;1028,3085;0;0,000519484;0
469;04.09.2020 11:54:13;40,841;0;115,49563;0;116,21972;0;1157,22;0;2216,2448;0;1028,3085;0;0,000519166;0
470;04.09.2020 11:54:14;40,84;0;115,49531;0;116,21865;0;1157,2189;0;2216,2555;0;1028,3191;0;0,000519909;0
471;04.09.2020 11:54:15;40,84;0;115,4951;0;116,22185;0;1157,22;0;2216,2342;0;1028,3191;0;0,000519697;0
472;04.09.2020 11:54:16;40,838;0;115,49542;0;116,22185;0;1157,2189;0;2216,2661;0;1028,3298;0;0,000518529;0
473;04.09.2020 11:54:17;40,842;0;115,49499;0;116,22078;0;1157,2211;0;2216,2555;0;1028,3191;0;0,000519166;0
474;04.09.2020 11:54:18;40,839;0;115,49595;0;116,22185;0;1157,2211;0;2216,2555;0;1028,3085;0;0,000519484;0
475;04.09.2020 11:54:19;40,841;0;115,49489;0;116,22078;0;1157,22;0;2216,2555;0;1028,3085;0;0,00051906;0
476;04.09.2020 11:54:20;40,84;0;115,49521;0;116,22185;0;1157,2221;0;2216,2555;0;1028,3085;0;0,000519166;0
477;04.09.2020 11:54:21;40,841;0;115,49552;0;116,21972;0;1157,2211;0;2216,2768;0;1028,2978;0;0,000519591;0
478;04.09.2020 11:54:22;40,84;0;115,49552;0;116,21972;0;1157,2211;0;2216,2661;0;1028,2978;0;0,000519909;0
479;04.09.2020 11:54:23;40,839;0;115,49552;0;116,21972;0;1157,2221;0;2216,2555;0;1028,2978;0;0,000519272;0
480;04.09.2020 11:54:24;40,841;0;115,49563;0;116,22078;0;1157,22;0;2216,2661;0;1028,2872;0;0,000518635;0
481;04.09.2020 11:54:25;40,841;0;115,49563;0;116,22185;0;1157,2221;0;2216,2448;0;1028,2978;0;0,000518529;0
482;04.09.2020 11:54:26;40,84;0;115,49531;0;116,22078;0;1157,2211;0;2216,2768;0;1028,2978;0;0,000519803;0
483;04.09.2020 11:54:27;40,841;0;115,49531;0;116,22078;0;1157,2221;0;2216,2661;0;1028,2872;0;0,000518953;0
484;04.09.2020 11:54:28;40,841;0;115,49552;0;116,22078;0;1157,2221;0;2216,2555;0;1028,2978;0;0,000519272;0
485;04.09.2020 11:54:29;40,84;0;115,49606;0;116,22185;0;1157,2221;0;2216,2555;0;1028,2765;0;0,000518529;0
486;04.09.2020 11:54:30;40,842;0;115,49584;0;116,22292;0;1157,2243;0;2216,2661;0;1028,2765;0;0,000519272;0
487;04.09.2020 11:54:31;40,84;0;115,49499;0;116,22078;0;1157,2221;0;2216,2661;0;1028,2872;0;0,000519272;0
488;04.09.2020 11:54:32;40,841;0;115,49606;0;116,22185;0;1157,2243;0;2216,2555;0;1028,2872;0;0,000518847;0
489;04.09.2020 11:54:33;40,842;0;115,49648;0;116,22078;0;1157,2221;0;2216,2661;0;1028,2872;0;0,000519166;0
490;04.09.2020 11:54:34;40,841;0;115,49531;0;116,22185;0;1157,2211;0;2216,2981;0;1028,2765;0;0,000519803;0
491;04.09.2020 11:54:35;40,841;0;115,49563;0;116,22185;0;1157,2221;0;2216,2661;0;1028,2552;0;0,00051821;0
492;04.09.2020 11:54:36;40,841;0;115,49574;0;116,21972;0;1157,2232;0;2216,2768;0;1028,2658;0;0,000519166;0
493;04.09.2020 11:54:37;40,842;0;115,49616;0;116,22292;0;1157,2232;0;2216,2661;0;1028,2552;0;0,000519378;0
494;04.09.2020 11:54:38;40,841;0;115,49606;0;116,22078;0;1157,2221;0;2216,2661;0;1028,2872;0;0,00051821;0
495;04.09.2020 11:54:39;40,841;0;115,49521;0;116,22292;0;1157,2253;0;2216,2661;0;1028,2658;0;0,000518741;0
496;04.09.2020 11:54:40;40,84;0;115,49563;0;116,22398;0;1157,2243;0;2216,2555;0;1028,2552;0;0,000519272;0
497;04.09.2020 11:54:41;40,845;0;115,49584;0;116,22185;0;1157,2232;0;2216,2661;0;1028,2445;0;0,000518635;0
498;04.09.2020 11:54:42;40,842;0;115,49606;0;116,22185;0;1157,2253;0;2216,2875;0;1028,2339;0;0,00051821;0
499;04.09.2020 11:54:43;40,842;0;115,49648;0;116,22078;0;1157,2243;0;2216,2875;0;1028,2658;0;0,000518635;0
500;04.09.2020 11:54:44;40,841;0;115,49669;0;116,22292;0;1157,2243;0;2216,2875;0;1028,2658;0;0,000518847;0
501;04.09.2020 11:54:45;40,842;0;115,49627;0;116,22292;0;1157,2253;0;2216,2555;0;1028,2445;0;0,00051906;0
502;04.09.2020 11:54:46;40,842;0;115,49606;0;116,22185;0;1157,2253;0;2216,2981;0;1028,2445;0;0,000518847;0
